runId,algoritmName,inputSize,time(Ns),memory(Kb),Date run
RUN001,Bellman-Ford Shortest Path,150,661156,222.3,6/30/2026 12:32
RUN002,Quick Sort (Urgency),180,174325,419.9,4/7/2026 14:58
RUN003,Kruskal MST (Road Network),240,572988,487.6,6/22/2026 8:21
RUN004,Quick Sort (Urgency),450,570905,961.1,3/23/2026 10:51
RUN005,Dijkstra Shortest Path,150,427619,197.4,3/10/2026 22:55
RUN006,Kruskal MST (Road Network),30,67849,138,7/27/2026 9:07
RUN007,Quick Sort (Urgency),450,493163,485.2,7/16/2026 20:18
RUN008,DFS Traversal,150,36773,226.7,3/24/2026 12:45
RUN009,Stack-based Undo,75,4146,162.2,7/25/2026 17:35
RUN010,Binary Search (Location Lookup),15,936,91,5/28/2026 16:15
RUN011,A* Search,60,127588,150.4,3/10/2026 14:26
RUN012,Bellman-Ford Shortest Path,240,1140446,350.6,5/3/2026 14:10
RUN013,Quick Sort (Urgency),90,67397,179.6,5/13/2026 8:54
RUN014,BFS Traversal,240,50157,193.9,5/26/2026 11:09
RUN015,Stack-based Undo,120,11915,306.7,7/1/2026 7:13
RUN016,DFS Traversal,300,53806,586.4,7/1/2026 16:08
RUN017,Quick Sort (Urgency),585,599462,305.9,3/7/2026 15:37
RUN018,DFS Traversal,240,54655,338.9,4/5/2026 11:09
RUN019,A* Search,150,331753,209.1,3/31/2026 16:08
RUN020,BFS Traversal,195,65930,446.9,4/16/2026 12:54
RUN021,Priority Queue Dispatch,180,346694,149.6,3/15/2026 7:24
RUN022,Merge Sort (Urgency),900,819822,706.7,5/4/2026 17:47
RUN023,Dijkstra Shortest Path,60,157796,159,7/7/2026 22:36
RUN024,A* Search,195,823441,413.9,5/19/2026 16:44
RUN025,Binary Search (Location Lookup),97,2672,186,4/21/2026 18:04
RUN026,DFS Traversal,240,77557,153.3,6/23/2026 7:43
RUN027,Linear Search (Resource Lookup),72,4604,123.4,4/27/2026 7:03
RUN028,Linear Search (Resource Lookup),45,1835,110,6/18/2026 21:51
RUN029,Kruskal MST (Road Network),150,405053,308.4,3/22/2026 8:30
RUN030,Bellman-Ford Shortest Path,150,512003,165.3,5/7/2026 14:30
RUN031,Merge Sort (Urgency),450,412493,667.3,3/2/2026 12:20
RUN032,Kruskal MST (Road Network),105,390042,89.7,7/12/2026 16:39
RUN033,Priority Queue Dispatch,720,1986805,1602.1,6/19/2026 13:43
RUN034,DFS Traversal,105,31280,168.4,5/22/2026 15:54
RUN035,Bellman-Ford Shortest Path,240,915625,456.3,4/10/2026 19:29
RUN036,Priority Queue Dispatch,450,858332,782.4,5/9/2026 10:12
RUN037,Kruskal MST (Road Network),30,55284,101.2,3/20/2026 8:25
RUN038,Binary Search (Location Lookup),75,2452,83.7,3/25/2026 16:12
RUN039,Merge Sort (Urgency),315,393239,270,6/19/2026 8:19
RUN040,Kruskal MST (Road Network),150,417437,188.9,7/28/2026 21:56
RUN041,Dijkstra Shortest Path,240,930344,549.5,4/18/2026 11:03
RUN042,Merge Sort (Urgency),900,1115211,1216.8,5/26/2026 11:17
RUN043,Bellman-Ford Shortest Path,105,310266,112.2,3/18/2026 12:32
RUN044,A* Search,240,1186111,278,7/28/2026 22:17
RUN045,Linear Search (Resource Lookup),90,6143,128.7,7/16/2026 15:26
RUN046,Kruskal MST (Road Network),240,665558,318.4,4/26/2026 13:32
RUN047,Dijkstra Shortest Path,240,864418,397.8,6/3/2026 22:30
RUN048,Bellman-Ford Shortest Path,300,1741627,670.2,4/25/2026 10:19
RUN049,Priority Queue Dispatch,180,442835,349.9,5/30/2026 12:39
RUN050,BFS Traversal,195,30045,371.7,7/16/2026 20:13
RUN051,Kruskal MST (Road Network),195,675792,410.7,6/1/2026 9:15
RUN052,Priority Queue Dispatch,585,846444,1133.9,4/3/2026 7:58
RUN053,Priority Queue Dispatch,585,1577304,1077.8,4/24/2026 18:57
RUN054,Quick Sort (Urgency),315,225441,425,7/5/2026 13:41
RUN055,Kruskal MST (Road Network),105,238229,132.6,3/11/2026 21:13
RUN056,Dijkstra Shortest Path,300,1625563,617.7,4/26/2026 12:24
RUN057,Bellman-Ford Shortest Path,150,371546,331.8,6/26/2026 13:31
RUN058,Kruskal MST (Road Network),300,1280541,404,6/3/2026 11:31
RUN059,DFS Traversal,150,34476,244.1,3/19/2026 15:48
RUN060,A* Search,105,429593,156.2,4/20/2026 17:56
RUN061,A* Search,240,849983,229,5/7/2026 10:43
RUN062,Binary Search (Location Lookup),52,2308,99.6,7/5/2026 13:02
RUN063,Linear Search (Resource Lookup),31,2749,83.5,5/12/2026 8:16
RUN064,Stack-based Undo,150,13575,357,3/6/2026 14:38
RUN065,Stack-based Undo,75,8061,150,3/6/2026 18:09
RUN066,DFS Traversal,150,47810,234.2,4/27/2026 21:50
RUN067,Kruskal MST (Road Network),30,83698,124,7/28/2026 9:22
RUN068,Merge Sort (Urgency),180,138231,217.6,4/25/2026 8:29
RUN069,Bellman-Ford Shortest Path,60,134990,148.8,3/29/2026 12:34
RUN070,Linear Search (Resource Lookup),9,598,67.6,4/23/2026 7:05
RUN071,Kruskal MST (Road Network),60,140765,100.6,7/12/2026 7:25
RUN072,BFS Traversal,105,35031,254.2,7/26/2026 22:02
RUN073,Priority Queue Dispatch,900,2390229,479.9,5/5/2026 22:46
RUN074,BFS Traversal,195,59721,257.7,5/7/2026 19:58
RUN075,BFS Traversal,30,5432,107.5,4/5/2026 11:19
RUN076,BFS Traversal,150,27557,213.4,6/4/2026 20:32
RUN077,Stack-based Undo,15,1779,62.9,4/20/2026 8:31
RUN078,Linear Search (Resource Lookup),31,2201,76.5,7/7/2026 13:10
RUN079,Dijkstra Shortest Path,60,152704,120.4,4/29/2026 21:15
RUN080,Stack-based Undo,52,5558,102.7,4/16/2026 18:30
RUN081,Bellman-Ford Shortest Path,105,354860,202.5,3/21/2026 8:15
RUN082,Stack-based Undo,52,4629,142.2,6/10/2026 7:40
RUN083,Binary Search (Location Lookup),52,2579,178.9,4/29/2026 10:55
RUN084,Dijkstra Shortest Path,60,255306,140,7/10/2026 13:10
RUN085,Linear Search (Resource Lookup),45,3007,131.5,3/13/2026 11:45
RUN086,Dijkstra Shortest Path,300,843271,555.1,5/23/2026 10:11
RUN087,Quick Sort (Urgency),585,563850,1028.5,6/9/2026 10:17
RUN088,DFS Traversal,30,9658,100.3,5/20/2026 15:54
RUN089,DFS Traversal,60,16324,124.4,4/11/2026 9:17
RUN090,Bellman-Ford Shortest Path,30,92156,116.2,7/8/2026 7:02
