auditId,entityType,entityId,action,Timestamp,performedBy,details
AUD001,ServiceRequest,SR481,Request Created,2026-03-29 19:09,A. Kumah,New service request logged into the queue
AUD002,ServiceRequest,SR116,Status Changed to In Transit,2026-07-16 14:45,E. Boateng,Assigned request moved to In Transit
AUD003,ServiceRequest,SR759,Status Changed to In Transit,2026-03-09 08:08,F. Mensah,Assigned request moved to In Transit
AUD004,System,SR750,Route Recalculated,2026-06-23 20:13,L. Amoah,Shortest-path route recomputed after a road weight change
AUD005,ServiceRequest,SR121,Status Changed to Assigned,2026-03-06 19:21,F. Mensah,Request moved from Pending to Assigned
AUD006,ServiceRequest,SR339,Status Changed to Completed,2026-06-09 18:38,F. Mensah,Delivery marked complete
AUD007,ServiceRequest,SR742,Status Changed to Completed,2026-04-25 20:37,K. Darko,Delivery marked complete
AUD008,ServiceRequest,SR053,Request Created,2026-04-16 18:08,F. Mensah,New service request logged into the queue
AUD009,ServiceRequest,SR857,Status Changed to In Transit,2026-06-05 07:05,K. Darko,Assigned request moved to In Transit
AUD010,Resource,RES084,Resource Sent for Maintenance,2026-04-25 13:50,I. Sarpong,Resource flagged Under Maintenance
AUD011,Resource,RES025,Resource Marked Available,2026-05-24 14:30,A. Kumah,Resource returned to the available pool
AUD012,ServiceRequest,SR345,Undo Assignment,2026-05-15 17:36,I. Sarpong,Stack-based undo reverted the last assignment
AUD013,Resource,RES083,Resource Sent for Maintenance,2026-05-20 13:47,D. Owusu,Resource flagged Under Maintenance
AUD014,ServiceRequest,SR181,Undo Assignment,2026-07-22 16:05,E. Boateng,Stack-based undo reverted the last assignment
AUD015,ServiceRequest,SR030,Status Changed to Completed,2026-06-04 10:42,I. Sarpong,Delivery marked complete
AUD016,ServiceRequest,SR313,Undo Assignment,2026-04-20 10:29,F. Mensah,Stack-based undo reverted the last assignment
AUD017,Resource,RES057,Resource Marked Available,2026-06-12 08:35,D. Owusu,Resource returned to the available pool
AUD018,ServiceRequest,SR102,Undo Assignment,2026-03-31 13:12,H. Appiah,Stack-based undo reverted the last assignment
AUD019,ServiceRequest,SR731,Status Changed to In Transit,2026-04-08 22:03,J. Ofori,Assigned request moved to In Transit
AUD020,System,SR808,Priority Queue Reordered,2026-07-10 15:55,H. Appiah,Dispatch queue re-sorted by urgency
AUD021,System,SR503,Priority Queue Reordered,2026-03-10 10:31,E. Boateng,Dispatch queue re-sorted by urgency
AUD022,System,SR710,Priority Queue Reordered,2026-07-06 07:16,J. Ofori,Dispatch queue re-sorted by urgency
AUD023,Resource,RES045,Resource Sent for Maintenance,2026-04-30 07:06,I. Sarpong,Resource flagged Under Maintenance
AUD024,System,SR290,Priority Queue Reordered,2026-06-23 12:02,E. Boateng,Dispatch queue re-sorted by urgency
AUD025,ServiceRequest,SR581,Status Changed to Assigned,2026-03-13 13:50,F. Mensah,Request moved from Pending to Assigned
AUD026,ServiceRequest,SR706,Undo Assignment,2026-04-17 21:35,K. Darko,Stack-based undo reverted the last assignment
AUD027,System,SR727,Route Recalculated,2026-07-07 19:14,K. Darko,Shortest-path route recomputed after a road weight change
AUD028,ServiceRequest,SR735,Status Changed to Completed,2026-06-27 16:45,J. Ofori,Delivery marked complete
AUD029,Resource,RES018,Resource Marked Available,2026-06-04 10:33,H. Appiah,Resource returned to the available pool
AUD030,ServiceRequest,SR300,Status Changed to Completed,2026-06-06 12:02,D. Owusu,Delivery marked complete
AUD031,Resource,RES027,Resource Marked In Use,2026-04-06 14:24,G. Asante,Resource dispatched on an active request
AUD032,ServiceRequest,SR436,Status Changed to Completed,2026-05-18 14:58,G. Asante,Delivery marked complete
AUD033,ServiceRequest,SR034,Request Created,2026-06-29 15:16,K. Darko,New service request logged into the queue
AUD034,ServiceRequest,SR446,Status Changed to Completed,2026-06-02 13:25,A. Kumah,Delivery marked complete
AUD035,Resource,RES050,Resource Sent for Maintenance,2026-04-20 14:13,H. Appiah,Resource flagged Under Maintenance
AUD036,Resource,RES039,Resource Marked Available,2026-06-03 10:49,F. Mensah,Resource returned to the available pool
AUD037,ServiceRequest,SR256,Status Changed to Assigned,2026-07-01 22:28,G. Asante,Request moved from Pending to Assigned
AUD038,ServiceRequest,SR428,Status Changed to In Transit,2026-03-09 09:30,E. Boateng,Assigned request moved to In Transit
AUD039,ServiceRequest,SR828,Undo Assignment,2026-06-30 07:00,G. Asante,Stack-based undo reverted the last assignment
AUD040,Resource,RES035,Resource Marked In Use,2026-05-12 16:56,F. Mensah,Resource dispatched on an active request
AUD041,System,SR315,Priority Queue Reordered,2026-06-12 14:15,L. Amoah,Dispatch queue re-sorted by urgency
AUD042,ServiceRequest,SR867,Status Changed to In Transit,2026-07-17 17:54,D. Owusu,Assigned request moved to In Transit
AUD043,System,SR725,Priority Queue Reordered,2026-04-18 07:23,K. Darko,Dispatch queue re-sorted by urgency
AUD044,Resource,RES040,Resource Sent for Maintenance,2026-06-29 15:19,I. Sarpong,Resource flagged Under Maintenance
AUD045,Resource,RES087,Resource Marked In Use,2026-04-24 14:49,I. Sarpong,Resource dispatched on an active request
AUD046,ServiceRequest,SR844,Request Created,2026-07-25 14:45,F. Mensah,New service request logged into the queue
AUD047,ServiceRequest,SR869,Request Created,2026-06-14 17:17,D. Owusu,New service request logged into the queue
AUD048,System,SR064,Route Recalculated,2026-05-23 14:46,J. Ofori,Shortest-path route recomputed after a road weight change
AUD049,Resource,RES019,Resource Marked In Use,2026-03-13 16:20,A. Kumah,Resource dispatched on an active request
AUD050,Resource,RES029,Resource Marked In Use,2026-07-16 21:34,E. Boateng,Resource dispatched on an active request
AUD051,ServiceRequest,SR024,Status Changed to Assigned,2026-07-05 22:28,G. Asante,Request moved from Pending to Assigned
AUD052,Resource,RES062,Resource Sent for Maintenance,2026-03-01 17:15,E. Boateng,Resource flagged Under Maintenance
AUD053,ServiceRequest,SR477,Status Changed to Assigned,2026-05-31 08:59,L. Amoah,Request moved from Pending to Assigned
AUD054,Resource,RES042,Resource Marked In Use,2026-06-08 13:26,F. Mensah,Resource dispatched on an active request
AUD055,ServiceRequest,SR701,Request Created,2026-06-23 08:56,I. Sarpong,New service request logged into the queue
AUD056,Resource,RES052,Resource Sent for Maintenance,2026-04-04 17:27,F. Mensah,Resource flagged Under Maintenance
AUD057,System,SR264,Route Recalculated,2026-03-24 21:03,E. Boateng,Shortest-path route recomputed after a road weight change
AUD058,System,SR315,Priority Queue Reordered,2026-04-20 11:41,I. Sarpong,Dispatch queue re-sorted by urgency
AUD059,Resource,RES030,Resource Sent for Maintenance,2026-05-10 17:21,I. Sarpong,Resource flagged Under Maintenance
AUD060,Resource,RES035,Resource Marked Available,2026-06-21 20:21,D. Owusu,Resource returned to the available pool
AUD061,ServiceRequest,SR668,Status Changed to In Transit,2026-04-27 15:52,E. Boateng,Assigned request moved to In Transit
AUD062,ServiceRequest,SR773,Status Changed to Assigned,2026-03-28 16:17,J. Ofori,Request moved from Pending to Assigned
AUD063,Resource,RES026,Resource Marked In Use,2026-03-21 10:21,K. Darko,Resource dispatched on an active request
AUD064,Resource,RES062,Resource Sent for Maintenance,2026-05-30 11:44,I. Sarpong,Resource flagged Under Maintenance
AUD065,Resource,RES020,Resource Sent for Maintenance,2026-03-16 15:38,H. Appiah,Resource flagged Under Maintenance
AUD066,Resource,RES040,Resource Marked Available,2026-07-19 08:49,H. Appiah,Resource returned to the available pool
AUD067,ServiceRequest,SR707,Status Changed to Assigned,2026-04-28 12:16,E. Boateng,Request moved from Pending to Assigned
AUD068,System,SR312,Route Recalculated,2026-06-08 21:34,H. Appiah,Shortest-path route recomputed after a road weight change
AUD069,System,SR692,Priority Queue Reordered,2026-05-06 09:41,L. Amoah,Dispatch queue re-sorted by urgency
AUD070,ServiceRequest,SR153,Status Changed to In Transit,2026-04-06 22:34,E. Boateng,Assigned request moved to In Transit
AUD071,Resource,RES059,Resource Marked In Use,2026-04-16 12:29,K. Darko,Resource dispatched on an active request
AUD072,ServiceRequest,SR699,Status Changed to In Transit,2026-07-28 18:51,I. Sarpong,Assigned request moved to In Transit
AUD073,Resource,RES026,Resource Sent for Maintenance,2026-07-02 17:00,J. Ofori,Resource flagged Under Maintenance
AUD074,Resource,RES085,Resource Marked Available,2026-04-18 11:30,G. Asante,Resource returned to the available pool
AUD075,ServiceRequest,SR213,Status Changed to In Transit,2026-03-25 21:37,J. Ofori,Assigned request moved to In Transit
AUD076,Resource,RES018,Resource Marked Available,2026-03-19 16:52,E. Boateng,Resource returned to the available pool
AUD077,ServiceRequest,SR101,Status Changed to Assigned,2026-03-05 08:54,H. Appiah,Request moved from Pending to Assigned
AUD078,System,SR185,Priority Queue Reordered,2026-04-30 09:23,I. Sarpong,Dispatch queue re-sorted by urgency
AUD079,Resource,RES039,Resource Marked In Use,2026-07-11 08:19,I. Sarpong,Resource dispatched on an active request
AUD080,ServiceRequest,SR067,Status Changed to Assigned,2026-03-25 19:10,K. Darko,Request moved from Pending to Assigned
AUD081,ServiceRequest,SR166,Undo Assignment,2026-03-10 18:04,K. Darko,Stack-based undo reverted the last assignment
AUD082,ServiceRequest,SR405,Status Changed to In Transit,2026-05-13 10:20,F. Mensah,Assigned request moved to In Transit
AUD083,ServiceRequest,SR875,Status Changed to Completed,2026-06-29 18:33,I. Sarpong,Delivery marked complete
AUD084,Resource,RES083,Resource Marked In Use,2026-04-12 15:45,A. Kumah,Resource dispatched on an active request
AUD085,System,SR247,Route Recalculated,2026-04-24 07:09,L. Amoah,Shortest-path route recomputed after a road weight change
AUD086,ServiceRequest,SR288,Status Changed to Assigned,2026-04-18 22:14,H. Appiah,Request moved from Pending to Assigned
AUD087,Resource,RES021,Resource Sent for Maintenance,2026-05-13 21:44,H. Appiah,Resource flagged Under Maintenance
AUD088,ServiceRequest,SR285,Status Changed to Completed,2026-05-31 15:56,J. Ofori,Delivery marked complete
AUD089,Resource,RES083,Resource Marked Available,2026-06-05 13:27,I. Sarpong,Resource returned to the available pool
AUD090,System,SR553,Priority Queue Reordered,2026-03-11 07:29,K. Darko,Dispatch queue re-sorted by urgency
AUD091,Resource,RES068,Resource Marked Available,2026-06-29 20:05,K. Darko,Resource returned to the available pool
AUD092,System,SR719,Priority Queue Reordered,2026-07-29 21:31,K. Darko,Dispatch queue re-sorted by urgency
AUD093,System,SR786,Route Recalculated,2026-07-20 07:00,F. Mensah,Shortest-path route recomputed after a road weight change
AUD094,System,SR705,Route Recalculated,2026-03-13 19:55,G. Asante,Shortest-path route recomputed after a road weight change
AUD095,Resource,RES036,Resource Marked In Use,2026-03-23 21:15,E. Boateng,Resource dispatched on an active request
AUD096,Resource,RES078,Resource Sent for Maintenance,2026-05-02 19:11,J. Ofori,Resource flagged Under Maintenance
AUD097,ServiceRequest,SR131,Status Changed to Completed,2026-07-16 15:21,A. Kumah,Delivery marked complete
AUD098,ServiceRequest,SR281,Undo Assignment,2026-03-27 07:57,I. Sarpong,Stack-based undo reverted the last assignment
AUD099,Resource,RES006,Resource Marked In Use,2026-06-28 10:28,D. Owusu,Resource dispatched on an active request
AUD100,System,SR479,Route Recalculated,2026-06-07 16:59,E. Boateng,Shortest-path route recomputed after a road weight change
AUD101,ServiceRequest,SR348,Status Changed to Assigned,2026-06-03 12:38,G. Asante,Request moved from Pending to Assigned
AUD102,Resource,RES035,Resource Marked Available,2026-04-02 10:09,G. Asante,Resource returned to the available pool
AUD103,System,SR071,Priority Queue Reordered,2026-03-18 13:31,A. Kumah,Dispatch queue re-sorted by urgency
AUD104,ServiceRequest,SR561,Undo Assignment,2026-06-21 13:16,D. Owusu,Stack-based undo reverted the last assignment
AUD105,ServiceRequest,SR778,Request Created,2026-07-24 19:33,A. Kumah,New service request logged into the queue
AUD106,ServiceRequest,SR034,Request Created,2026-07-23 13:09,G. Asante,New service request logged into the queue
AUD107,ServiceRequest,SR458,Status Changed to Assigned,2026-07-21 09:05,D. Owusu,Request moved from Pending to Assigned
AUD108,ServiceRequest,SR860,Status Changed to Assigned,2026-04-04 17:24,G. Asante,Request moved from Pending to Assigned
AUD109,Resource,RES016,Resource Marked Available,2026-06-03 08:55,E. Boateng,Resource returned to the available pool
AUD110,Resource,RES070,Resource Marked In Use,2026-07-06 14:41,J. Ofori,Resource dispatched on an active request
AUD111,ServiceRequest,SR578,Status Changed to Completed,2026-07-12 07:52,A. Kumah,Delivery marked complete
AUD112,System,SR849,Priority Queue Reordered,2026-05-29 14:39,F. Mensah,Dispatch queue re-sorted by urgency
AUD113,ServiceRequest,SR058,Status Changed to In Transit,2026-06-25 11:36,L. Amoah,Assigned request moved to In Transit
AUD114,System,SR896,Priority Queue Reordered,2026-03-29 19:40,L. Amoah,Dispatch queue re-sorted by urgency
AUD115,Resource,RES011,Resource Marked Available,2026-05-04 22:21,K. Darko,Resource returned to the available pool
AUD116,ServiceRequest,SR678,Undo Assignment,2026-07-19 19:32,H. Appiah,Stack-based undo reverted the last assignment
AUD117,ServiceRequest,SR394,Status Changed to Assigned,2026-07-22 08:09,H. Appiah,Request moved from Pending to Assigned
AUD118,ServiceRequest,SR155,Request Created,2026-05-03 10:31,E. Boateng,New service request logged into the queue
AUD119,ServiceRequest,SR695,Status Changed to Completed,2026-05-31 13:45,H. Appiah,Delivery marked complete
AUD120,ServiceRequest,SR841,Request Created,2026-05-06 15:25,I. Sarpong,New service request logged into the queue
AUD121,ServiceRequest,SR830,Undo Assignment,2026-07-12 18:13,H. Appiah,Stack-based undo reverted the last assignment
AUD122,ServiceRequest,SR096,Status Changed to Completed,2026-06-17 17:55,G. Asante,Delivery marked complete
AUD123,System,SR146,Route Recalculated,2026-05-01 21:45,D. Owusu,Shortest-path route recomputed after a road weight change
AUD124,ServiceRequest,SR534,Request Created,2026-05-16 18:44,K. Darko,New service request logged into the queue
AUD125,Resource,RES077,Resource Marked Available,2026-05-04 15:22,K. Darko,Resource returned to the available pool
AUD126,Resource,RES075,Resource Marked In Use,2026-03-03 13:28,L. Amoah,Resource dispatched on an active request
AUD127,Resource,RES010,Resource Marked Available,2026-07-12 16:56,H. Appiah,Resource returned to the available pool
AUD128,Resource,RES052,Resource Marked Available,2026-03-03 19:02,A. Kumah,Resource returned to the available pool
AUD129,ServiceRequest,SR610,Status Changed to Assigned,2026-07-28 16:13,I. Sarpong,Request moved from Pending to Assigned
AUD130,Resource,RES061,Resource Marked In Use,2026-06-20 17:47,E. Boateng,Resource dispatched on an active request
AUD131,ServiceRequest,SR622,Status Changed to Assigned,2026-03-14 14:39,D. Owusu,Request moved from Pending to Assigned
AUD132,ServiceRequest,SR394,Status Changed to Completed,2026-03-23 20:36,K. Darko,Delivery marked complete
AUD133,Resource,RES087,Resource Sent for Maintenance,2026-05-10 12:43,D. Owusu,Resource flagged Under Maintenance
AUD134,System,SR664,Route Recalculated,2026-05-01 20:58,H. Appiah,Shortest-path route recomputed after a road weight change
AUD135,Resource,RES088,Resource Marked In Use,2026-03-16 15:16,E. Boateng,Resource dispatched on an active request
AUD136,ServiceRequest,SR750,Request Created,2026-05-23 10:53,H. Appiah,New service request logged into the queue
AUD137,Resource,RES072,Resource Marked In Use,2026-07-09 11:41,L. Amoah,Resource dispatched on an active request
AUD138,Resource,RES080,Resource Marked Available,2026-04-20 16:41,A. Kumah,Resource returned to the available pool
AUD139,Resource,RES083,Resource Marked In Use,2026-04-12 21:37,E. Boateng,Resource dispatched on an active request
AUD140,System,SR893,Route Recalculated,2026-07-10 16:12,J. Ofori,Shortest-path route recomputed after a road weight change
AUD141,ServiceRequest,SR474,Status Changed to Assigned,2026-03-10 21:32,H. Appiah,Request moved from Pending to Assigned
AUD142,ServiceRequest,SR187,Undo Assignment,2026-05-05 20:06,E. Boateng,Stack-based undo reverted the last assignment
AUD143,Resource,RES004,Resource Marked Available,2026-04-18 22:00,A. Kumah,Resource returned to the available pool
AUD144,Resource,RES064,Resource Marked Available,2026-03-08 16:18,J. Ofori,Resource returned to the available pool
AUD145,ServiceRequest,SR376,Status Changed to In Transit,2026-03-26 14:42,F. Mensah,Assigned request moved to In Transit
AUD146,ServiceRequest,SR390,Request Created,2026-06-30 14:41,G. Asante,New service request logged into the queue
AUD147,Resource,RES035,Resource Marked Available,2026-06-05 11:57,G. Asante,Resource returned to the available pool
AUD148,Resource,RES042,Resource Sent for Maintenance,2026-04-04 18:34,J. Ofori,Resource flagged Under Maintenance
AUD149,ServiceRequest,SR252,Status Changed to Completed,2026-05-28 16:48,L. Amoah,Delivery marked complete
AUD150,System,SR292,Priority Queue Reordered,2026-05-05 15:34,A. Kumah,Dispatch queue re-sorted by urgency
