run_id,algorithm_name,input_size,run_number,runtime_ns,memory_kb,executed_at
RUN002,Quick Sort (Urgency),180,1,174325,419.9,4/7/2026 14:58
RUN003,Kruskal MST (Road Network),240,1,572988,487.6,6/22/2026 8:21
RUN004,Quick Sort (Urgency),450,2,570905,961.1,3/23/2026 10:51
RUN005,Dijkstra Shortest Path,150,1,427619,197.4,3/10/2026 22:55
RUN006,Kruskal MST (Road Network),30,2,67849,138,7/27/2026 9:07
RUN007,Quick Sort (Urgency),450,3,493163,485.2,7/16/2026 20:18
RUN008,DFS Traversal,150,1,36773,226.7,3/24/2026 12:45
RUN010,Binary Search (Location Lookup),15,1,936,91,5/28/2026 16:15
RUN013,Quick Sort (Urgency),90,4,67397,179.6,5/13/2026 8:54
RUN014,BFS Traversal,240,1,50157,193.9,5/26/2026 11:09
RUN016,DFS Traversal,300,2,53806,586.4,7/1/2026 16:08
RUN017,Quick Sort (Urgency),585,5,599462,305.9,3/7/2026 15:37
RUN018,DFS Traversal,240,3,54655,338.9,4/5/2026 11:09
RUN020,BFS Traversal,195,2,65930,446.9,4/16/2026 12:54
RUN022,Merge Sort (Urgency),900,1,819822,706.7,5/4/2026 17:47
RUN023,Dijkstra Shortest Path,60,2,157796,159,7/7/2026 22:36
RUN025,Binary Search (Location Lookup),97,2,2672,186,4/21/2026 18:04
RUN026,DFS Traversal,240,4,77557,153.3,6/23/2026 7:43
RUN027,Linear Search (Resource Lookup),72,1,4604,123.4,4/27/2026 7:03
RUN028,Linear Search (Resource Lookup),45,2,1835,110,6/18/2026 21:51
RUN029,Kruskal MST (Road Network),150,3,405053,308.4,3/22/2026 8:30
RUN031,Merge Sort (Urgency),450,2,412493,667.3,3/2/2026 12:20
RUN032,Kruskal MST (Road Network),105,4,390042,89.7,7/12/2026 16:39
RUN034,DFS Traversal,105,5,31280,168.4,5/22/2026 15:54
RUN037,Kruskal MST (Road Network),30,5,55284,101.2,3/20/2026 8:25
RUN038,Binary Search (Location Lookup),75,3,2452,83.7,3/25/2026 16:12
RUN039,Merge Sort (Urgency),315,3,393239,270,6/19/2026 8:19
RUN040,Kruskal MST (Road Network),150,6,417437,188.9,7/28/2026 21:56
RUN041,Dijkstra Shortest Path,240,3,930344,549.5,4/18/2026 11:03
RUN042,Merge Sort (Urgency),900,4,1115211,1216.8,5/26/2026 11:17
RUN045,Linear Search (Resource Lookup),90,3,6143,128.7,7/16/2026 15:26
RUN046,Kruskal MST (Road Network),240,7,665558,318.4,4/26/2026 13:32
RUN047,Dijkstra Shortest Path,240,4,864418,397.8,6/3/2026 22:30
RUN050,BFS Traversal,195,3,30045,371.7,7/16/2026 20:13
RUN051,Kruskal MST (Road Network),195,8,675792,410.7,6/1/2026 9:15
RUN054,Quick Sort (Urgency),315,6,225441,425,7/5/2026 13:41
RUN055,Kruskal MST (Road Network),105,9,238229,132.6,3/11/2026 21:13
RUN056,Dijkstra Shortest Path,300,5,1625563,617.7,4/26/2026 12:24
RUN058,Kruskal MST (Road Network),300,10,1280541,404,6/3/2026 11:31
RUN059,DFS Traversal,150,6,34476,244.1,3/19/2026 15:48
RUN062,Binary Search (Location Lookup),52,4,2308,99.6,7/5/2026 13:02
RUN063,Linear Search (Resource Lookup),31,4,2749,83.5,5/12/2026 8:16
RUN066,DFS Traversal,150,7,47810,234.2,4/27/2026 21:50
RUN067,Kruskal MST (Road Network),30,11,83698,124,7/28/2026 9:22
RUN068,Merge Sort (Urgency),180,5,138231,217.6,4/25/2026 8:29
RUN070,Linear Search (Resource Lookup),9,5,598,67.6,4/23/2026 7:05
RUN071,Kruskal MST (Road Network),60,12,140765,100.6,7/12/2026 7:25
RUN072,BFS Traversal,105,4,35031,254.2,7/26/2026 22:02
RUN074,BFS Traversal,195,5,59721,257.7,5/7/2026 19:58
RUN075,BFS Traversal,30,6,5432,107.5,4/5/2026 11:19
RUN076,BFS Traversal,150,7,27557,213.4,6/4/2026 20:32
RUN078,Linear Search (Resource Lookup),31,6,2201,76.5,7/7/2026 13:10
RUN079,Dijkstra Shortest Path,60,6,152704,120.4,4/29/2026 21:15
RUN083,Binary Search (Location Lookup),52,5,2579,178.9,4/29/2026 10:55
RUN084,Dijkstra Shortest Path,60,7,255306,140,7/10/2026 13:10
RUN085,Linear Search (Resource Lookup),45,7,3007,131.5,3/13/2026 11:45
RUN086,Dijkstra Shortest Path,300,8,843271,555.1,5/23/2026 10:11
RUN087,Quick Sort (Urgency),585,7,563850,1028.5,6/9/2026 10:17
RUN088,DFS Traversal,30,8,9658,100.3,5/20/2026 15:54
RUN089,DFS Traversal,60,9,16324,124.4,4/11/2026 9:17
