location_id,name,area,type,latitude,longitude
LOC001,Pizza King,Greater Accra,RESTAURANT,5.66268,-0.18161
LOC002,KFC East Legon,Greater Accra,RESTAURANT,5.58299,-0.18638
LOC003,Papaye,Greater Accra,RESTAURANT,5.63763,-0.2012
LOC004,Flicks and licks,Greater Accra,RESTAURANT,5.66794,-0.16476
LOC005,Burger King,Greater Accra,RESTAURANT,5.63377,-0.1605
LOC006,Chickenman Pizzaman,Greater Accra,RESTAURANT,5.55286,-0.17541
LOC007,Eddys Pizza,Greater Accra,RESTAURANT,5.64357,-0.17763
LOC008,Hausa Cuisine,Greater Accra,RESTAURANT,5.65372,-0.17925
LOC009,Chez Amis,Greater Accra,RESTAURANT,5.71759,-0.16028
LOC010,Three 05 Restaurant,Greater Accra,RESTAURANT,5.55342,-0.17942
LOC011,Upsa,East Legon,RESIDENTIAL_AREA,5.63391,-0.15846
LOC012,North Legon,North Legon-Haatso,RESIDENTIAL_AREA,5.66025,-0.16973
LOC013,Madina,Madina,RESIDENTIAL_AREA,5.66714,-0.16825
LOC014,Haatso,North Legon-Haatso,RESIDENTIAL_AREA,5.66436,-0.18479
LOC015,Cantoments,Osu-Airport-Cantonments,RESIDENTIAL_AREA,5.57,-0.17939
LOC016,Pent Hostel,Legon,HOSTEL_HALL,5.64941,-0.18655
LOC017,Adenta,Adenta,RESIDENTIAL_AREA,5.7061,-0.1655
LOC018,Okponglo,Haatso-Atomic,RESIDENTIAL_AREA,5.63946,-0.17341
LOC019,Shiashie,Haatso-Atomic,RESIDENTIAL_AREA,5.62601,-0.17411
LOC020,Agbogba,North Legon-Haatso,RESIDENTIAL_AREA,5.66946,-0.17551
LOC021,Airport Residential,Osu-Airport-Cantonments,RESIDENTIAL_AREA,5.6034,-0.17303
LOC022,Osu,Osu-Airport-Cantonments,RESIDENTIAL_AREA,5.55586,-0.17706
LOC023,Oxford Street,Osu-Airport-Cantonments,LANDMARK,5.55534,-0.18159
LOC024,Tf Hostel,Legon,HOSTEL_HALL,5.64937,-0.18594
LOC025,University of Ghana Campus,Legon,CAMPUS,5.65072,-0.18765
LOC026,Atomic Junction,Haatso-Atomic,JUNCTION,5.64839,-0.1997
LOC027,Christian Village,Haatso-Atomic,RESIDENTIAL_AREA,5.63911,-0.17941
LOC028,Kisseman,Haatso-Atomic,RESIDENTIAL_AREA,5.64617,-0.20689
LOC029,Staff Village,Legon,RESIDENTIAL_AREA,5.65211,-0.18209
LOC030,East Legon,East Legon,RESIDENTIAL_AREA,5.64045,-0.15122
LOC031,Dome,Achimota-Kwabenya,RESIDENTIAL_AREA,5.63944,-0.1422
LOC032,Dodowa Road,Adenta,LANDMARK,5.67153,-0.18222
LOC033,Madina Zongo Junction,Madina,JUNCTION,5.59791,-0.18165
LOC034,Adjiringanor,East Legon,RESIDENTIAL_AREA,5.64635,-0.16436
LOC035,Sarbah Hall,Legon,HOSTEL_HALL,5.6448,-0.18417
LOC036,Kwabenya,Achimota-Kwabenya,RESIDENTIAL_AREA,5.68005,-0.15994
LOC037,Adenta Barrier,Adenta,RESIDENTIAL_AREA,5.66422,-0.16938
LOC038,Airport Hills,Osu-Airport-Cantonments,RESIDENTIAL_AREA,5.66373,-0.17251
LOC039,Cantonments West,Osu-Airport-Cantonments,RESIDENTIAL_AREA,5.67592,-0.18625
LOC040,Achimota Forest,Achimota-Kwabenya,RESIDENTIAL_AREA,5.64245,-0.18472
LOC041,Taifa Burkina,Achimota-Kwabenya,RESIDENTIAL_AREA,5.6549,-0.16502
LOC042,Kotobabi,Central Accra,RESIDENTIAL_AREA,5.65817,-0.18549
LOC043,Jubilee Hall,Legon,HOSTEL_HALL,5.67219,-0.19297
LOC044,Abeka,Greater Accra,RESIDENTIAL_AREA,5.66013,-0.19472
LOC045,Oyibi,Adenta,RESIDENTIAL_AREA,5.63847,-0.17972
LOC046,Jamestown,Central Accra,RESIDENTIAL_AREA,5.65208,-0.15729
LOC047,GCB Bank Madina,Madina,LANDMARK,5.57112,-0.17216
LOC048,Independence Avenue,Osu-Airport-Cantonments,LANDMARK,5.6324,-0.18142
LOC049,Dzorwulu,Dzorwulu-Roman Ridge,RESIDENTIAL_AREA,5.62766,-0.17582
LOC050,Sraha,Achimota-Kwabenya,RESIDENTIAL_AREA,5.71536,-0.17549
LOC051,Chorkor,Central Accra,RESIDENTIAL_AREA,5.66153,-0.18123
LOC052,Elizabeth Sey Hall,Legon,HOSTEL_HALL,5.65674,-0.18184
LOC053,ISH Hostel,Legon,HOSTEL_HALL,5.65664,-0.1556
LOC054,Burma Camp,Airport Environs,RESIDENTIAL_AREA,5.65094,-0.19109
LOC055,Adjiringanor Junction,East Legon,JUNCTION,5.66268,-0.19332
LOC056,Achimota,Achimota-Kwabenya,RESIDENTIAL_AREA,5.62767,-0.17889
LOC057,West Hills Mall Junction,North Legon-Haatso,JUNCTION,5.59577,-0.17293
LOC058,North Kaneshie,Kaneshie-Odorkor,RESIDENTIAL_AREA,5.64006,-0.14398
LOC059,Zenith Bank Legon,Madina,LANDMARK,5.65924,-0.18981
LOC060,Westlands,Greater Accra,RESIDENTIAL_AREA,5.7119,-0.15944
LOC061,GETFund Hostel,Legon,HOSTEL_HALL,5.6001,-0.16497
LOC062,Danquah Circle,Osu-Airport-Cantonments,JUNCTION,5.59314,-0.18336
LOC063,Lapaz,Kaneshie-Odorkor,RESIDENTIAL_AREA,5.59045,-0.17644
LOC064,Labone,Greater Accra,RESIDENTIAL_AREA,5.64861,-0.19838
LOC065,Ako Adjei Interchange,Greater Accra,JUNCTION,5.63114,-0.17864
LOC066,Dzorwulu Roundabout,Dzorwulu-Roman Ridge,JUNCTION,5.65166,-0.20568
LOC067,Makola Market,Central Accra,MARKET,5.60274,-0.17542
LOC068,North Ridge,Osu-Airport-Cantonments,RESIDENTIAL_AREA,5.6595,-0.21214
LOC069,East Airport,Airport Environs,RESIDENTIAL_AREA,5.63365,-0.16547
LOC070,Darkuman,Kaneshie-Odorkor,RESIDENTIAL_AREA,5.60085,-0.18633
LOC071,Airport Shell,Osu-Airport-Cantonments,RESIDENTIAL_AREA,5.62564,-0.1708
LOC072,Dzorwulu Junction,Dzorwulu-Roman Ridge,JUNCTION,5.60455,-0.18221
LOC073,West Trasacco,East Legon,RESIDENTIAL_AREA,5.63786,-0.1512
LOC074,East Legon Hills,East Legon,RESIDENTIAL_AREA,5.67019,-0.18006
LOC075,Baatsona,Spintex-Sakumono,RESIDENTIAL_AREA,5.61104,-0.16439
LOC076,Awoshie,Kaneshie-Odorkor,RESIDENTIAL_AREA,5.64915,-0.14257
LOC077,GIMPA Junction,North Legon-Haatso,JUNCTION,5.64716,-0.18071
LOC078,Korle Bu,Central Accra,RESIDENTIAL_AREA,5.64772,-0.20592
LOC079,Sakumono Estate,Spintex-Sakumono,RESIDENTIAL_AREA,5.65028,-0.1909
LOC080,Kwabenya New Town,Achimota-Kwabenya,RESIDENTIAL_AREA,5.64231,-0.14947
LOC081,Alajo,Central Accra,RESIDENTIAL_AREA,5.64955,-0.17456
LOC082,Roman Ridge,Dzorwulu-Roman Ridge,RESIDENTIAL_AREA,5.65643,-0.17381
LOC083,Akuafo Hall,Legon,HOSTEL_HALL,5.70127,-0.15614
LOC084,Ashiyie,Adenta,RESIDENTIAL_AREA,5.58124,-0.18609
LOC085,Burma Camp Junction,Airport Environs,JUNCTION,5.64388,-0.18564
LOC086,Anyaa,Kaneshie-Odorkor,RESIDENTIAL_AREA,5.59969,-0.17689
LOC087,West Legon,East Legon,RESIDENTIAL_AREA,5.66064,-0.17767
LOC088,Sakumono Junction,Spintex-Sakumono,JUNCTION,5.66441,-0.16789
LOC089,Baatsona Junction,Spintex-Sakumono,JUNCTION,5.66552,-0.16648
LOC090,Mataheko,Kaneshie-Odorkor,RESIDENTIAL_AREA,5.63579,-0.16946
LOC091,Balme Library Junction,Legon,JUNCTION,5.66332,-0.19349
LOC092,Dansoman,Kaneshie-Odorkor,RESIDENTIAL_AREA,5.63353,-0.14226
LOC093,Flagstaff House,Osu-Airport-Cantonments,RESIDENTIAL_AREA,5.64049,-0.21389
LOC094,Ridge,Osu-Airport-Cantonments,RESIDENTIAL_AREA,5.65939,-0.18178
LOC095,Nmai Djorn,Spintex-Sakumono,RESIDENTIAL_AREA,5.63674,-0.15112
LOC096,Kokomlemle,Central Accra,RESIDENTIAL_AREA,5.60369,-0.17019
LOC097,Madina Redco,Madina,RESIDENTIAL_AREA,5.6217,-0.16631
LOC098,Malata Market,Greater Accra,MARKET,5.64421,-0.21526
LOC099,Madina Rawlings Park,Madina,LANDMARK,5.67153,-0.15966
LOC100,Spintex,Spintex-Sakumono,RESIDENTIAL_AREA,5.6296,-0.18016
LOC101,Night Market Legon,Legon,MARKET,5.64771,-0.15311
LOC102,Frafraha,Adenta,RESIDENTIAL_AREA,5.67386,-0.16997
LOC103,Bubuashie,Kaneshie-Odorkor,RESIDENTIAL_AREA,5.64192,-0.16296
LOC104,Teshie Nungua Estate,Spintex-Sakumono,RESIDENTIAL_AREA,5.66252,-0.17274
LOC105,Achimota Mile 7,Achimota-Kwabenya,RESIDENTIAL_AREA,5.62821,-0.15916
LOC106,Ashongman Estate,Achimota-Kwabenya,RESIDENTIAL_AREA,5.63859,-0.15825
LOC107,American House Junction,East Legon,JUNCTION,5.63396,-0.172
LOC108,Dome Faase,Achimota-Kwabenya,RESIDENTIAL_AREA,5.64049,-0.19771
LOC109,Maamobi,Central Accra,RESIDENTIAL_AREA,5.62789,-0.16356
LOC110,Kwame Nkrumah Circle Overpass,Central Accra,JUNCTION,5.60323,-0.18245
LOC111,Kwame Nkrumah Circle,Central Accra,JUNCTION,5.6639,-0.17527
LOC112,East Trasacco,East Legon,RESIDENTIAL_AREA,5.65476,-0.1849
LOC113,Taifa,Achimota-Kwabenya,RESIDENTIAL_AREA,5.58329,-0.18261
LOC114,Bani Hostel,Legon,HOSTEL_HALL,5.65058,-0.17578
LOC115,Ridge Hospital,Osu-Airport-Cantonments,LANDMARK,5.63671,-0.18166
LOC116,High Street,Central Accra,LANDMARK,5.65749,-0.19796
LOC117,Abelemkpe Junction,Dzorwulu-Roman Ridge,JUNCTION,5.63734,-0.16267
LOC118,Achimota Mall,Achimota-Kwabenya,LANDMARK,5.58089,-0.17391
LOC119,GRA Estates,Dzorwulu-Roman Ridge,RESIDENTIAL_AREA,5.63787,-0.15438
LOC120,Ashongman,Achimota-Kwabenya,RESIDENTIAL_AREA,5.64843,-0.19452
LOC121,Lakeside Estate,Dzorwulu-Roman Ridge,RESIDENTIAL_AREA,5.69609,-0.17026
LOC122,Vandy Hostel,Legon,HOSTEL_HALL,5.67334,-0.16687
LOC123,Ogbojo,Achimota-Kwabenya,RESIDENTIAL_AREA,5.64083,-0.17482
LOC124,Cantonments Junction,Greater Accra,JUNCTION,5.63556,-0.18397
LOC125,Sakumono,Spintex-Sakumono,RESIDENTIAL_AREA,5.56201,-0.18331
LOC126,Amasaman,Achimota-Kwabenya,RESIDENTIAL_AREA,5.63296,-0.16537
LOC127,Mensah Sarbah Junction,Legon,JUNCTION,5.62134,-0.18335
LOC128,37 Military Hospital,Osu-Airport-Cantonments,LANDMARK,5.57408,-0.18054
LOC129,Nima,Central Accra,RESIDENTIAL_AREA,5.6308,-0.16541
LOC130,Kanda Estates,Osu-Airport-Cantonments,RESIDENTIAL_AREA,5.56798,-0.17152
LOC131,Rawlings Park,Central Accra,LANDMARK,5.64278,-0.17282
LOC132,Kaneshie Market,Kaneshie-Odorkor,MARKET,5.64735,-0.18917
LOC133,Nova Estate,Dzorwulu-Roman Ridge,RESIDENTIAL_AREA,5.66159,-0.16862
LOC134,Trade Fair,Airport Environs,RESIDENTIAL_AREA,5.62805,-0.16995
LOC135,Labadi,Central Accra,RESIDENTIAL_AREA,5.60506,-0.16939
LOC136,Trassaco Valley,East Legon,RESIDENTIAL_AREA,5.59334,-0.17443
LOC137,Madina Market,Madina,MARKET,5.60364,-0.16749
LOC138,Kaneshie,Kaneshie-Odorkor,RESIDENTIAL_AREA,5.67613,-0.16488
LOC139,Accra Central,Central Accra,RESIDENTIAL_AREA,5.64204,-0.195
LOC140,Circle,Central Accra,JUNCTION,5.67603,-0.18596
LOC141,North Airport,Airport Environs,RESIDENTIAL_AREA,5.7094,-0.16393
LOC142,Ministries,Osu-Airport-Cantonments,RESIDENTIAL_AREA,5.56034,-0.17726
LOC143,Commonwealth Hall,Legon,HOSTEL_HALL,5.66727,-0.17722
LOC144,Tudu,Central Accra,RESIDENTIAL_AREA,5.61155,-0.18479
LOC145,Volta Hall,Legon,HOSTEL_HALL,5.59159,-0.16932
LOC146,Nima Market,Central Accra,MARKET,5.64642,-0.14369
LOC147,Evandy Hostel,Legon,HOSTEL_HALL,5.6575,-0.19107
LOC148,Ablekuma,Greater Accra,RESIDENTIAL_AREA,5.70785,-0.16982
LOC149,Ashaley Botwe,North Legon-Haatso,RESIDENTIAL_AREA,5.67985,-0.1791
LOC150,Legon Hall,Legon,HOSTEL_HALL,5.65221,-0.18287
