resource_id,type,home_location_id,capacity,availability_status
RES001,MOTORCYCLE,LOC013,81,AVAILABLE
RES002,CARGO_VEHICLE,LOC013,31,AVAILABLE
RES003,CAR,LOC025,71,AVAILABLE
RES004,CARGO_VEHICLE,LOC013,48,IN_USE
RES005,CARGO_VEHICLE,LOC019,36,UNDER_MAINTENANCE
RES006,CAR,LOC019,23,AVAILABLE
RES007,CARGO_VEHICLE,LOC025,20,AVAILABLE
RES008,CAR,LOC018,86,AVAILABLE
RES009,CAR,LOC028,36,AVAILABLE
RES010,CAR,LOC029,91,AVAILABLE
RES011,MOTORCYCLE,LOC013,76,AVAILABLE
RES012,MOTORCYCLE,LOC028,75,IN_USE
RES013,CAR,LOC026,61,AVAILABLE
RES014,MOTORCYCLE,LOC025,46,AVAILABLE
RES015,CAR,LOC028,66,IN_USE
RES016,CARGO_VEHICLE,LOC029,73,AVAILABLE
RES017,MOTORCYCLE,LOC027,44,UNDER_MAINTENANCE
RES018,MOTORCYCLE,LOC025,96,AVAILABLE
RES019,CARGO_VEHICLE,LOC019,20,AVAILABLE
RES020,MOTORCYCLE,LOC028,56,AVAILABLE
RES021,CAR,LOC025,78,AVAILABLE
RES022,MOTORCYCLE,LOC018,26,AVAILABLE
RES023,MOTORCYCLE,LOC029,67,IN_USE
RES024,CAR,LOC018,94,AVAILABLE
RES025,CAR,LOC027,41,IN_USE
RES026,MOTORCYCLE,LOC019,82,IN_USE
RES027,MOTORCYCLE,LOC013,21,AVAILABLE
RES028,CARGO_VEHICLE,LOC029,94,UNDER_MAINTENANCE
RES029,CAR,LOC018,34,IN_USE
RES030,CAR,LOC013,20,AVAILABLE
RES031,CARGO_VEHICLE,LOC018,74,AVAILABLE
RES032,CAR,LOC027,71,AVAILABLE
RES033,CAR,LOC018,29,AVAILABLE
RES034,CAR,LOC025,68,IN_USE
RES035,CARGO_VEHICLE,LOC013,47,IN_USE
RES036,CARGO_VEHICLE,LOC029,27,AVAILABLE
RES037,CARGO_VEHICLE,LOC027,57,AVAILABLE
RES038,CARGO_VEHICLE,LOC027,87,AVAILABLE
RES039,MOTORCYCLE,LOC013,41,IN_USE
RES040,CARGO_VEHICLE,LOC026,65,IN_USE
RES041,MOTORCYCLE,LOC026,53,AVAILABLE
RES042,MOTORCYCLE,LOC028,55,IN_USE
RES043,CARGO_VEHICLE,LOC027,88,AVAILABLE
RES044,CAR,LOC026,20,IN_USE
RES045,CAR,LOC026,42,AVAILABLE
RES046,CARGO_VEHICLE,LOC027,54,IN_USE
RES047,CARGO_VEHICLE,LOC026,45,AVAILABLE
RES048,CAR,LOC030,64,IN_USE
RES049,MOTORCYCLE,LOC025,28,IN_USE
RES050,MOTORCYCLE,LOC030,49,AVAILABLE
RES051,CARGO_VEHICLE,LOC013,97,AVAILABLE
RES052,CAR,LOC018,34,AVAILABLE
RES053,CAR,LOC018,71,AVAILABLE
RES054,CARGO_VEHICLE,LOC026,98,IN_USE
RES055,CARGO_VEHICLE,LOC029,20,AVAILABLE
RES056,MOTORCYCLE,LOC019,80,IN_USE
RES057,CARGO_VEHICLE,LOC013,63,IN_USE
RES058,MOTORCYCLE,LOC030,43,AVAILABLE
RES059,CAR,LOC019,93,IN_USE
RES060,MOTORCYCLE,LOC028,24,UNDER_MAINTENANCE
RES061,MOTORCYCLE,LOC028,51,AVAILABLE
RES062,MOTORCYCLE,LOC019,46,IN_USE
RES063,CARGO_VEHICLE,LOC025,25,IN_USE
RES064,CARGO_VEHICLE,LOC027,40,AVAILABLE
RES065,CARGO_VEHICLE,LOC027,78,AVAILABLE
RES066,CAR,LOC025,70,AVAILABLE
RES067,CARGO_VEHICLE,LOC030,88,AVAILABLE
RES068,CARGO_VEHICLE,LOC030,100,AVAILABLE
RES069,MOTORCYCLE,LOC018,53,AVAILABLE
RES070,MOTORCYCLE,LOC028,80,AVAILABLE
RES071,CARGO_VEHICLE,LOC030,43,UNDER_MAINTENANCE
RES072,MOTORCYCLE,LOC013,42,IN_USE
RES073,CAR,LOC018,82,AVAILABLE
RES074,CARGO_VEHICLE,LOC019,24,IN_USE
RES075,CARGO_VEHICLE,LOC018,47,AVAILABLE
RES076,CARGO_VEHICLE,LOC025,64,UNDER_MAINTENANCE
RES077,CAR,LOC013,93,IN_USE
RES078,CARGO_VEHICLE,LOC025,24,AVAILABLE
RES079,CARGO_VEHICLE,LOC027,93,IN_USE
RES080,CARGO_VEHICLE,LOC028,36,IN_USE
RES081,CAR,LOC013,40,AVAILABLE
RES082,CAR,LOC030,46,AVAILABLE
RES083,MOTORCYCLE,LOC027,23,IN_USE
RES084,CAR,LOC028,94,IN_USE
RES085,MOTORCYCLE,LOC027,63,AVAILABLE
RES086,MOTORCYCLE,LOC027,38,IN_USE
RES087,CAR,LOC025,32,AVAILABLE
RES088,MOTORCYCLE,LOC027,80,AVAILABLE
RES089,CAR,LOC018,91,IN_USE
RES090,MOTORCYCLE,LOC030,69,IN_USE
