fromLocationId,toLocationId,distance,travel_Time,roadConditionWeight
LOC073,LOC076,1.68,3.4,5
LOC143,LOC092,5.64,12.3,3
LOC020,LOC141,6.08,14.7,2
LOC136,LOC040,5.26,9,1
LOC088,LOC119,3.1,6.6,3
LOC092,LOC093,9.62,26.4,4
LOC063,LOC030,5.81,17.5,3
LOC035,LOC020,2.72,7.4,3
LOC116,LOC117,5.46,15.2,1
LOC068,LOC150,3.54,6.7,2
LOC144,LOC066,4.79,9.2,3
LOC063,LOC100,5.74,9.4,4
LOC023,LOC057,5.04,9,2
LOC082,LOC101,2.59,6.4,5
LOC096,LOC130,5.18,15,2
LOC142,LOC020,12.92,33.2,2
LOC130,LOC063,2.75,8.5,3
LOC037,LOC051,1.69,3.7,4
LOC017,LOC138,3.84,12.1,4
LOC048,LOC010,11.39,31.8,1
LOC126,LOC021,3.84,8.4,3
LOC016,LOC107,3.14,6.3,4
LOC144,LOC142,5.35,11.6,4
LOC094,LOC127,3.97,14.1,3
LOC091,LOC051,1.79,6.3,3
LOC150,LOC053,2.95,5.5,3
LOC070,LOC055,6.99,20.9,4
LOC009,LOC133,7.14,13.1,2
LOC124,LOC028,2.94,4.7,3
LOC027,LOC086,4.93,10.8,3
LOC140,LOC145,11.66,19.4,2
LOC069,LOC138,6.01,11.9,4
LOC107,LOC063,6.14,10.8,4
LOC080,LOC145,8.06,16.3,3
LOC045,LOC041,2.98,5.3,2
LOC146,LOC129,3.23,10.6,3
LOC030,LOC092,1.69,4.3,2
LOC060,LOC104,5.64,13.7,2
LOC024,LOC137,7.32,26.8,2
LOC035,LOC119,3.22,6.5,4
LOC088,LOC127,4.99,18.2,3
LOC065,LOC071,1.23,2.1,1
LOC031,LOC115,4.15,12.9,2
LOC045,LOC137,4.13,7.9,3
LOC028,LOC107,4.1,12.8,2
LOC003,LOC008,2.95,5.5,2
LOC065,LOC063,5.2,9.2,3
LOC134,LOC129,0.6,1,4
LOC116,LOC083,7.08,15.4,5
LOC037,LOC140,2.52,7.5,1
LOC021,LOC096,0.42,0.8,2
LOC049,LOC064,3.88,8.7,2
LOC129,LOC051,5.17,10.3,2
LOC136,LOC058,5.6,13,2
LOC005,LOC095,1.37,2.6,3
LOC030,LOC053,1.81,5.8,2
LOC082,LOC019,3.44,5.9,3
LOC007,LOC010,11.9,18.9,2
LOC122,LOC112,3.28,10.7,4
LOC139,LOC035,1.11,2,4
LOC106,LOC056,3.28,11.6,2
LOC083,LOC034,7.55,26.3,3
LOC122,LOC066,5.47,8.9,3
LOC058,LOC121,8.84,24.1,4
LOC026,LOC067,6.25,10.4,1
LOC099,LOC125,15.84,48,3
LOC092,LOC080,1.43,4.6,4
LOC050,LOC043,5.38,14.6,1
LOC129,LOC080,2.26,5.3,3
LOC087,LOC023,12.44,24.2,1
LOC148,LOC083,1.81,4.2,5
LOC005,LOC025,4.52,9,1
LOC113,LOC135,3.03,5.8,2
LOC063,LOC150,7.97,18.7,1
LOC097,LOC126,1.69,3,2
LOC063,LOC128,2.21,6.1,2
LOC056,LOC104,4.5,12.4,2
LOC046,LOC106,1.62,3.2,2
LOC145,LOC096,1.34,2.5,2
LOC114,LOC047,11.72,25.2,3
LOC049,LOC048,0.85,1.5,1
LOC092,LOC013,4.54,15.9,3
LOC041,LOC101,1.88,5.9,2
LOC041,LOC010,14.55,30.5,1
LOC045,LOC109,2.14,6.9,1
LOC093,LOC148,9.68,34.8,5
LOC075,LOC023,7.08,15.9,3
LOC010,LOC081,13.33,23.6,2
LOC041,LOC138,2.48,6.1,1
LOC088,LOC022,13.09,25.3,5
LOC118,LOC006,3.92,7.8,3
LOC108,LOC094,2.49,6.6,2
LOC149,LOC016,4.16,14.3,2
LOC030,LOC115,3.83,6.9,4
LOC097,LOC003,4.99,16.1,4
LOC002,LOC148,18.29,39.7,2
LOC060,LOC089,5.87,19.3,3
LOC127,LOC108,3.57,8,3
LOC033,LOC063,1.29,4,5
LOC100,LOC014,4.61,14.1,1
LOC059,LOC069,3.96,8.4,3
LOC019,LOC063,4.15,6.8,2
LOC008,LOC055,2.05,6.9,5
LOC115,LOC029,1.65,2.8,3
LOC028,LOC138,6.59,14.2,2
LOC145,LOC049,5.33,8.5,4
LOC081,LOC102,3.22,10.8,4
LOC030,LOC041,2.28,3.8,2
LOC025,LOC147,0.98,1.7,2
LOC134,LOC039,6.44,23.1,1
LOC032,LOC039,0.65,1,5
LOC086,LOC136,0.91,2.5,3
LOC131,LOC110,5.57,14.1,3
LOC046,LOC003,6.46,25.2,2
LOC127,LOC033,2.9,9.5,2
LOC077,LOC121,6.43,20.3,3
LOC015,LOC110,3.78,8.1,2
LOC137,LOC061,0.57,2.2,3
LOC054,LOC087,1.77,2.9,3
LOC073,LOC025,4.76,11.7,3
LOC117,LOC096,4.64,8.6,4
LOC085,LOC138,4.76,7.5,4
LOC020,LOC025,3.19,7.8,2
LOC082,LOC054,2.32,3.9,3
LOC012,LOC083,5.46,13.1,4
LOC066,LOC003,1.71,6.3,3
LOC011,LOC052,4.73,8.9,3
LOC102,LOC148,4.68,12.8,3
LOC128,LOC089,9.58,32.2,2
LOC001,LOC074,0.96,2.4,1
LOC013,LOC107,4.5,10,2
LOC105,LOC095,1.35,3.4,2
LOC103,LOC119,0.98,1.6,5
LOC139,LOC056,2.87,4.9,2
LOC004,LOC083,4.83,14.4,3
LOC074,LOC119,5.29,8.9,1
LOC035,LOC104,2.94,9.9,3
LOC088,LOC078,6.11,24.4,2
LOC113,LOC054,7.84,20.9,1
LOC065,LOC051,4.42,7.9,2
LOC133,LOC103,2.41,5.1,1
LOC032,LOC094,1.23,2.1,2
LOC124,LOC030,4.12,6.8,5
LOC100,LOC132,2.46,7.5,2
LOC007,LOC004,4.03,6.8,2
LOC090,LOC074,5.11,13.2,3
LOC098,LOC047,9.21,15.7,5
LOC120,LOC018,2.52,5.1,2
LOC100,LOC034,3.31,12.3,1
LOC089,LOC019,5.49,14.8,4
LOC022,LOC130,1.91,3.6,1
LOC108,LOC071,4.13,6.8,2
LOC011,LOC016,3.33,9.9,2
LOC064,LOC139,1,3.1,2
LOC017,LOC097,9.44,18.7,4
LOC067,LOC034,5.34,10.6,4
LOC104,LOC106,3.62,10.7,2
LOC003,LOC070,5.81,11.5,2
LOC018,LOC125,10.31,36.2,5
LOC029,LOC039,2.95,6.5,3
LOC026,LOC111,2.95,6.1,2
LOC100,LOC114,2.41,4.3,1
LOC097,LOC008,3.95,7.3,2
LOC023,LOC107,9.03,19.6,2
LOC132,LOC091,2.4,3.8,1
LOC095,LOC111,4.47,8.3,2
LOC032,LOC055,2.07,4.7,2
LOC049,LOC019,0.3,0.6,2
LOC054,LOC078,2.01,3.7,3
LOC133,LOC039,2.84,4.9,3
LOC025,LOC112,0.62,1,2
LOC063,LOC034,7.95,25.4,3
LOC125,LOC063,3.27,7.8,4
LOC095,LOC020,5.68,10.3,2
LOC050,LOC075,13.07,39,3
LOC032,LOC131,3.78,14.3,3
LOC062,LOC125,4.23,9,4
LOC111,LOC118,9.06,29.4,1
LOC053,LOC021,6.99,16.8,2
LOC006,LOC063,4.26,7.7,1
LOC014,LOC092,7.62,16.3,3
LOC106,LOC136,6.71,19.7,1
LOC055,LOC063,8.58,32.2,2
LOC138,LOC034,3.91,8.7,2
LOC135,LOC105,3.28,11.6,4
LOC031,LOC080,0.85,2.4,2
LOC139,LOC131,2.97,5.2,4
LOC108,LOC140,3.86,9.5,2
LOC103,LOC080,1.49,2.4,1
LOC129,LOC083,8.85,16.3,5
LOC121,LOC044,4.66,11,3
LOC071,LOC044,4.28,12.5,4
LOC029,LOC116,1.79,4.5,2
LOC049,LOC081,2.66,9.5,1
LOC147,LOC031,7.78,14.3,3
LOC123,LOC063,5.62,16.2,3
LOC006,LOC010,0.45,1.1,5
LOC139,LOC072,4.68,12.3,5
LOC147,LOC091,0.82,3.1,2
LOC102,LOC129,5.74,21.1,2
LOC132,LOC030,5.18,8.9,3
LOC020,LOC022,16.41,38.4,2
LOC085,LOC123,1.59,4,4
LOC010,LOC113,3.33,8.7,2
LOC104,LOC069,3.8,12.1,2
LOC051,LOC052,0.54,1.3,2
LOC136,LOC056,4.24,6.7,3
LOC140,LOC021,10.57,32.2,2
LOC107,LOC134,0.65,1.3,2
LOC121,LOC026,6.37,24.8,2
LOC068,LOC019,5.72,14.3,5
LOC035,LOC081,1.45,4.1,2
LOC057,LOC040,5.19,8.5,2
LOC041,LOC099,2.42,4.6,4
LOC067,LOC109,2.81,7.5,2
LOC011,LOC072,3.93,6.7,2
LOC117,LOC049,2.26,5,1
LOC081,LOC088,1.95,5.7,1
LOC064,LOC122,4.3,9,1
LOC055,LOC114,2.46,6,3
LOC040,LOC125,8.6,16.5,2
LOC071,LOC075,2.17,4.3,1
LOC042,LOC075,5.69,15.9,3
LOC121,LOC083,1.8,4.5,4
LOC052,LOC055,1.43,4,2
LOC084,LOC053,9.01,33.9,1
LOC136,LOC112,8.2,17.6,4
LOC127,LOC121,11.3,31,3
LOC077,LOC087,2.02,6.1,3
LOC004,LOC119,4.24,6.9,4
LOC100,LOC039,5.22,10.6,1
LOC123,LOC091,3.54,8.8,1
LOC107,LOC117,1.18,3.1,3
LOC038,LOC137,6.88,22.1,2
LOC127,LOC081,3.66,11.7,3
LOC138,LOC012,1.86,6.5,2
LOC005,LOC090,1.11,3.6,3
LOC033,LOC062,0.68,1.5,3
LOC007,LOC040,0.72,1.8,2
LOC087,LOC112,0.96,2.4,1
LOC138,LOC030,4.77,10.1,3
LOC046,LOC058,2.08,6,1
LOC073,LOC032,5.36,9.1,3
LOC079,LOC141,7.35,14.5,2
LOC061,LOC090,4.44,9.1,5
LOC101,LOC096,5.58,11.9,5
LOC024,LOC043,3.31,6.7,3
LOC135,LOC070,2.1,5.1,2
LOC123,LOC065,1.47,2.5,2
LOC088,LOC141,6.58,24.9,1
LOC044,LOC096,7.71,20.9,2
LOC114,LOC036,4.98,16.2,2
LOC141,LOC096,11.81,23.1,2
LOC011,LOC083,6.75,14.7,2
LOC116,LOC064,1,2.3,3
LOC144,LOC075,2.59,5.3,3
LOC051,LOC096,8.34,13.4,2
LOC132,LOC146,5.32,9,2
LOC052,LOC146,5.35,10.4,3
LOC007,LOC069,2.32,4.1,2
LOC070,LOC144,1.42,3.2,3
LOC043,LOC080,6.24,17.4,3
LOC109,LOC039,6.73,19.7,2
LOC084,LOC138,11.31,35.5,3
LOC127,LOC139,2.52,9.2,1
LOC036,LOC027,4.76,9.2,1
LOC119,LOC107,2.2,4,3
LOC013,LOC149,1.8,3.1,4
LOC054,LOC019,3.09,8.9,3
LOC048,LOC019,1.35,3.4,3
LOC012,LOC099,1.7,3.2,2
LOC050,LOC025,7.68,14.2,4
LOC072,LOC039,10.12,21.6,2
LOC025,LOC132,0.5,1,4
LOC039,LOC121,3.6,12.1,2
LOC095,LOC022,11.34,33.5,2
LOC067,LOC097,2.12,4.5,5
LOC015,LOC058,11.66,38.7,3
LOC056,LOC124,1.13,2.3,2
LOC080,LOC125,12.78,20.3,1
LOC124,LOC038,4.13,14,1
LOC120,LOC037,3.38,6.4,5
LOC073,LOC135,3.97,10.5,1
LOC052,LOC105,4.63,10.6,2
LOC149,LOC008,3.02,5.4,4
LOC067,LOC100,3.12,7.8,3
LOC096,LOC124,4.8,7.7,2
LOC129,LOC002,7.03,15.3,4
LOC041,LOC105,2.93,9.2,1
LOC112,LOC106,4.56,13.2,3
LOC124,LOC083,7.57,20.2,1
LOC014,LOC121,4.48,14.7,3
LOC111,LOC054,2.32,6.9,3
LOC047,LOC095,8.15,23.3,1
LOC110,LOC058,5.49,9.3,2
LOC078,LOC020,3.88,12.1,3
LOC031,LOC053,3.26,10,4
LOC095,LOC104,4.17,10.2,4
LOC072,LOC062,1.37,5,3
LOC076,LOC135,6.85,14,2
