road_id,from_location_id,to_location_id,distance_km,base_travel_time_minutes,road_condition,road_condition_multiplier
ROAD001,LOC073,LOC076,1.68,3.4,VERY_POOR,2.00
ROAD002,LOC143,LOC092,5.64,12.3,FAIR,1.25
ROAD003,LOC020,LOC141,6.08,14.7,GOOD,1.10
ROAD004,LOC136,LOC040,5.26,9,VERY_GOOD,1.00
ROAD005,LOC088,LOC119,3.1,6.6,FAIR,1.25
ROAD006,LOC092,LOC093,9.62,26.4,POOR,1.50
ROAD007,LOC063,LOC030,5.81,17.5,FAIR,1.25
ROAD008,LOC035,LOC020,2.72,7.4,FAIR,1.25
ROAD009,LOC116,LOC117,5.46,15.2,VERY_GOOD,1.00
ROAD010,LOC068,LOC150,3.54,6.7,GOOD,1.10
ROAD011,LOC144,LOC066,4.79,9.2,FAIR,1.25
ROAD012,LOC063,LOC100,5.74,9.4,POOR,1.50
ROAD013,LOC023,LOC057,5.04,9,GOOD,1.10
ROAD014,LOC082,LOC101,2.59,6.4,VERY_POOR,2.00
ROAD015,LOC096,LOC130,5.18,15,GOOD,1.10
ROAD016,LOC142,LOC020,12.92,33.2,GOOD,1.10
ROAD017,LOC130,LOC063,2.75,8.5,FAIR,1.25
ROAD018,LOC037,LOC051,1.69,3.7,POOR,1.50
ROAD019,LOC017,LOC138,3.84,12.1,POOR,1.50
ROAD020,LOC048,LOC010,11.39,31.8,VERY_GOOD,1.00
ROAD021,LOC126,LOC021,3.84,8.4,FAIR,1.25
ROAD022,LOC016,LOC107,3.14,6.3,POOR,1.50
ROAD023,LOC144,LOC142,5.35,11.6,POOR,1.50
ROAD024,LOC094,LOC127,3.97,14.1,FAIR,1.25
ROAD025,LOC091,LOC051,1.79,6.3,FAIR,1.25
ROAD026,LOC150,LOC053,2.95,5.5,FAIR,1.25
ROAD027,LOC070,LOC055,6.99,20.9,POOR,1.50
ROAD028,LOC009,LOC133,7.14,13.1,GOOD,1.10
ROAD029,LOC124,LOC028,2.94,4.7,FAIR,1.25
ROAD030,LOC027,LOC086,4.93,10.8,FAIR,1.25
ROAD031,LOC140,LOC145,11.66,19.4,GOOD,1.10
ROAD032,LOC069,LOC138,6.01,11.9,POOR,1.50
ROAD033,LOC107,LOC063,6.14,10.8,POOR,1.50
ROAD034,LOC080,LOC145,8.06,16.3,FAIR,1.25
ROAD035,LOC045,LOC041,2.98,5.3,GOOD,1.10
ROAD036,LOC146,LOC129,3.23,10.6,FAIR,1.25
ROAD037,LOC030,LOC092,1.69,4.3,GOOD,1.10
ROAD038,LOC060,LOC104,5.64,13.7,GOOD,1.10
ROAD039,LOC024,LOC137,7.32,26.8,GOOD,1.10
ROAD040,LOC035,LOC119,3.22,6.5,POOR,1.50
ROAD041,LOC088,LOC127,4.99,18.2,FAIR,1.25
ROAD042,LOC065,LOC071,1.23,2.1,VERY_GOOD,1.00
ROAD043,LOC031,LOC115,4.15,12.9,GOOD,1.10
ROAD044,LOC045,LOC137,4.13,7.9,FAIR,1.25
ROAD045,LOC028,LOC107,4.1,12.8,GOOD,1.10
ROAD046,LOC003,LOC008,2.95,5.5,GOOD,1.10
ROAD047,LOC065,LOC063,5.2,9.2,FAIR,1.25
ROAD048,LOC134,LOC129,0.6,1,POOR,1.50
ROAD049,LOC116,LOC083,7.08,15.4,VERY_POOR,2.00
ROAD050,LOC037,LOC140,2.52,7.5,VERY_GOOD,1.00
ROAD051,LOC021,LOC096,0.42,0.8,GOOD,1.10
ROAD052,LOC049,LOC064,3.88,8.7,GOOD,1.10
ROAD053,LOC129,LOC051,5.17,10.3,GOOD,1.10
ROAD054,LOC136,LOC058,5.6,13,GOOD,1.10
ROAD055,LOC005,LOC095,1.37,2.6,FAIR,1.25
ROAD056,LOC030,LOC053,1.81,5.8,GOOD,1.10
ROAD057,LOC082,LOC019,3.44,5.9,FAIR,1.25
ROAD058,LOC007,LOC010,11.9,18.9,GOOD,1.10
ROAD059,LOC122,LOC112,3.28,10.7,POOR,1.50
ROAD060,LOC139,LOC035,1.11,2,POOR,1.50
ROAD061,LOC106,LOC056,3.28,11.6,GOOD,1.10
ROAD062,LOC083,LOC034,7.55,26.3,FAIR,1.25
ROAD063,LOC122,LOC066,5.47,8.9,FAIR,1.25
ROAD064,LOC058,LOC121,8.84,24.1,POOR,1.50
ROAD065,LOC026,LOC067,6.25,10.4,VERY_GOOD,1.00
ROAD066,LOC099,LOC125,15.84,48,FAIR,1.25
ROAD067,LOC092,LOC080,1.43,4.6,POOR,1.50
ROAD068,LOC050,LOC043,5.38,14.6,VERY_GOOD,1.00
ROAD069,LOC129,LOC080,2.26,5.3,FAIR,1.25
ROAD070,LOC087,LOC023,12.44,24.2,VERY_GOOD,1.00
ROAD071,LOC148,LOC083,1.81,4.2,VERY_POOR,2.00
ROAD072,LOC005,LOC025,4.52,9,VERY_GOOD,1.00
ROAD073,LOC113,LOC135,3.03,5.8,GOOD,1.10
ROAD074,LOC063,LOC150,7.97,18.7,VERY_GOOD,1.00
ROAD075,LOC097,LOC126,1.69,3,GOOD,1.10
ROAD076,LOC063,LOC128,2.21,6.1,GOOD,1.10
ROAD077,LOC056,LOC104,4.5,12.4,GOOD,1.10
ROAD078,LOC046,LOC106,1.62,3.2,GOOD,1.10
ROAD079,LOC145,LOC096,1.34,2.5,GOOD,1.10
ROAD080,LOC114,LOC047,11.72,25.2,FAIR,1.25
ROAD081,LOC049,LOC048,0.85,1.5,VERY_GOOD,1.00
ROAD082,LOC092,LOC013,4.54,15.9,FAIR,1.25
ROAD083,LOC041,LOC101,1.88,5.9,GOOD,1.10
ROAD084,LOC041,LOC010,14.55,30.5,VERY_GOOD,1.00
ROAD085,LOC045,LOC109,2.14,6.9,VERY_GOOD,1.00
ROAD086,LOC093,LOC148,9.68,34.8,VERY_POOR,2.00
ROAD087,LOC075,LOC023,7.08,15.9,FAIR,1.25
ROAD088,LOC010,LOC081,13.33,23.6,GOOD,1.10
ROAD089,LOC041,LOC138,2.48,6.1,VERY_GOOD,1.00
ROAD090,LOC088,LOC022,13.09,25.3,VERY_POOR,2.00
ROAD091,LOC118,LOC006,3.92,7.8,FAIR,1.25
ROAD092,LOC108,LOC094,2.49,6.6,GOOD,1.10
ROAD093,LOC149,LOC016,4.16,14.3,GOOD,1.10
ROAD094,LOC030,LOC115,3.83,6.9,POOR,1.50
ROAD095,LOC097,LOC003,4.99,16.1,POOR,1.50
ROAD096,LOC002,LOC148,18.29,39.7,GOOD,1.10
ROAD097,LOC060,LOC089,5.87,19.3,FAIR,1.25
ROAD098,LOC127,LOC108,3.57,8,FAIR,1.25
ROAD099,LOC033,LOC063,1.29,4,VERY_POOR,2.00
ROAD100,LOC100,LOC014,4.61,14.1,VERY_GOOD,1.00
ROAD101,LOC059,LOC069,3.96,8.4,FAIR,1.25
ROAD102,LOC019,LOC063,4.15,6.8,GOOD,1.10
ROAD103,LOC008,LOC055,2.05,6.9,VERY_POOR,2.00
ROAD104,LOC115,LOC029,1.65,2.8,FAIR,1.25
ROAD105,LOC028,LOC138,6.59,14.2,GOOD,1.10
ROAD106,LOC145,LOC049,5.33,8.5,POOR,1.50
ROAD107,LOC081,LOC102,3.22,10.8,POOR,1.50
ROAD108,LOC030,LOC041,2.28,3.8,GOOD,1.10
ROAD109,LOC025,LOC147,0.98,1.7,GOOD,1.10
ROAD110,LOC134,LOC039,6.44,23.1,VERY_GOOD,1.00
ROAD111,LOC032,LOC039,0.65,1,VERY_POOR,2.00
ROAD112,LOC086,LOC136,0.91,2.5,FAIR,1.25
ROAD113,LOC131,LOC110,5.57,14.1,FAIR,1.25
ROAD114,LOC046,LOC003,6.46,25.2,GOOD,1.10
ROAD115,LOC127,LOC033,2.9,9.5,GOOD,1.10
ROAD116,LOC077,LOC121,6.43,20.3,FAIR,1.25
ROAD117,LOC015,LOC110,3.78,8.1,GOOD,1.10
ROAD118,LOC137,LOC061,0.57,2.2,FAIR,1.25
ROAD119,LOC054,LOC087,1.77,2.9,FAIR,1.25
ROAD120,LOC073,LOC025,4.76,11.7,FAIR,1.25
ROAD121,LOC117,LOC096,4.64,8.6,POOR,1.50
ROAD122,LOC085,LOC138,4.76,7.5,POOR,1.50
ROAD123,LOC020,LOC025,3.19,7.8,GOOD,1.10
ROAD124,LOC082,LOC054,2.32,3.9,FAIR,1.25
ROAD125,LOC012,LOC083,5.46,13.1,POOR,1.50
ROAD126,LOC066,LOC003,1.71,6.3,FAIR,1.25
ROAD127,LOC011,LOC052,4.73,8.9,FAIR,1.25
ROAD128,LOC102,LOC148,4.68,12.8,FAIR,1.25
ROAD129,LOC128,LOC089,9.58,32.2,GOOD,1.10
ROAD130,LOC001,LOC074,0.96,2.4,VERY_GOOD,1.00
ROAD131,LOC013,LOC107,4.5,10,GOOD,1.10
ROAD132,LOC105,LOC095,1.35,3.4,GOOD,1.10
ROAD133,LOC103,LOC119,0.98,1.6,VERY_POOR,2.00
ROAD134,LOC139,LOC056,2.87,4.9,GOOD,1.10
ROAD135,LOC004,LOC083,4.83,14.4,FAIR,1.25
ROAD136,LOC074,LOC119,5.29,8.9,VERY_GOOD,1.00
ROAD137,LOC035,LOC104,2.94,9.9,FAIR,1.25
ROAD138,LOC088,LOC078,6.11,24.4,GOOD,1.10
ROAD139,LOC113,LOC054,7.84,20.9,VERY_GOOD,1.00
ROAD140,LOC065,LOC051,4.42,7.9,GOOD,1.10
ROAD141,LOC133,LOC103,2.41,5.1,VERY_GOOD,1.00
ROAD142,LOC032,LOC094,1.23,2.1,GOOD,1.10
ROAD143,LOC124,LOC030,4.12,6.8,VERY_POOR,2.00
ROAD144,LOC100,LOC132,2.46,7.5,GOOD,1.10
ROAD145,LOC007,LOC004,4.03,6.8,GOOD,1.10
ROAD146,LOC090,LOC074,5.11,13.2,FAIR,1.25
ROAD147,LOC098,LOC047,9.21,15.7,VERY_POOR,2.00
ROAD148,LOC120,LOC018,2.52,5.1,GOOD,1.10
ROAD149,LOC100,LOC034,3.31,12.3,VERY_GOOD,1.00
ROAD150,LOC089,LOC019,5.49,14.8,POOR,1.50
ROAD151,LOC022,LOC130,1.91,3.6,VERY_GOOD,1.00
ROAD152,LOC108,LOC071,4.13,6.8,GOOD,1.10
ROAD153,LOC011,LOC016,3.33,9.9,GOOD,1.10
ROAD154,LOC064,LOC139,1,3.1,GOOD,1.10
ROAD155,LOC017,LOC097,9.44,18.7,POOR,1.50
ROAD156,LOC067,LOC034,5.34,10.6,POOR,1.50
ROAD157,LOC104,LOC106,3.62,10.7,GOOD,1.10
ROAD158,LOC003,LOC070,5.81,11.5,GOOD,1.10
ROAD159,LOC018,LOC125,10.31,36.2,VERY_POOR,2.00
ROAD160,LOC029,LOC039,2.95,6.5,FAIR,1.25
ROAD161,LOC026,LOC111,2.95,6.1,GOOD,1.10
ROAD162,LOC100,LOC114,2.41,4.3,VERY_GOOD,1.00
ROAD163,LOC097,LOC008,3.95,7.3,GOOD,1.10
ROAD164,LOC023,LOC107,9.03,19.6,GOOD,1.10
ROAD165,LOC132,LOC091,2.4,3.8,VERY_GOOD,1.00
ROAD166,LOC095,LOC111,4.47,8.3,GOOD,1.10
ROAD167,LOC032,LOC055,2.07,4.7,GOOD,1.10
ROAD168,LOC049,LOC019,0.3,0.6,GOOD,1.10
ROAD169,LOC054,LOC078,2.01,3.7,FAIR,1.25
ROAD170,LOC133,LOC039,2.84,4.9,FAIR,1.25
ROAD171,LOC025,LOC112,0.62,1,GOOD,1.10
ROAD172,LOC063,LOC034,7.95,25.4,FAIR,1.25
ROAD173,LOC125,LOC063,3.27,7.8,POOR,1.50
ROAD174,LOC095,LOC020,5.68,10.3,GOOD,1.10
ROAD175,LOC050,LOC075,13.07,39,FAIR,1.25
ROAD176,LOC032,LOC131,3.78,14.3,FAIR,1.25
ROAD177,LOC062,LOC125,4.23,9,POOR,1.50
ROAD178,LOC111,LOC118,9.06,29.4,VERY_GOOD,1.00
ROAD179,LOC053,LOC021,6.99,16.8,GOOD,1.10
ROAD180,LOC006,LOC063,4.26,7.7,VERY_GOOD,1.00
ROAD181,LOC014,LOC092,7.62,16.3,FAIR,1.25
ROAD182,LOC106,LOC136,6.71,19.7,VERY_GOOD,1.00
ROAD183,LOC055,LOC063,8.58,32.2,GOOD,1.10
ROAD184,LOC138,LOC034,3.91,8.7,GOOD,1.10
ROAD185,LOC135,LOC105,3.28,11.6,POOR,1.50
ROAD186,LOC031,LOC080,0.85,2.4,GOOD,1.10
ROAD187,LOC139,LOC131,2.97,5.2,POOR,1.50
ROAD188,LOC108,LOC140,3.86,9.5,GOOD,1.10
ROAD189,LOC103,LOC080,1.49,2.4,VERY_GOOD,1.00
ROAD190,LOC129,LOC083,8.85,16.3,VERY_POOR,2.00
ROAD191,LOC121,LOC044,4.66,11,FAIR,1.25
ROAD192,LOC071,LOC044,4.28,12.5,POOR,1.50
ROAD193,LOC029,LOC116,1.79,4.5,GOOD,1.10
ROAD194,LOC049,LOC081,2.66,9.5,VERY_GOOD,1.00
ROAD195,LOC147,LOC031,7.78,14.3,FAIR,1.25
ROAD196,LOC123,LOC063,5.62,16.2,FAIR,1.25
ROAD197,LOC006,LOC010,0.45,1.1,VERY_POOR,2.00
ROAD198,LOC139,LOC072,4.68,12.3,VERY_POOR,2.00
ROAD199,LOC147,LOC091,0.82,3.1,GOOD,1.10
ROAD200,LOC102,LOC129,5.74,21.1,GOOD,1.10
ROAD201,LOC132,LOC030,5.18,8.9,FAIR,1.25
ROAD202,LOC020,LOC022,16.41,38.4,GOOD,1.10
ROAD203,LOC085,LOC123,1.59,4,POOR,1.50
ROAD204,LOC010,LOC113,3.33,8.7,GOOD,1.10
ROAD205,LOC104,LOC069,3.8,12.1,GOOD,1.10
ROAD206,LOC051,LOC052,0.54,1.3,GOOD,1.10
ROAD207,LOC136,LOC056,4.24,6.7,FAIR,1.25
ROAD208,LOC140,LOC021,10.57,32.2,GOOD,1.10
ROAD209,LOC107,LOC134,0.65,1.3,GOOD,1.10
ROAD210,LOC121,LOC026,6.37,24.8,GOOD,1.10
ROAD211,LOC068,LOC019,5.72,14.3,VERY_POOR,2.00
ROAD212,LOC035,LOC081,1.45,4.1,GOOD,1.10
ROAD213,LOC057,LOC040,5.19,8.5,GOOD,1.10
ROAD214,LOC041,LOC099,2.42,4.6,POOR,1.50
ROAD215,LOC067,LOC109,2.81,7.5,GOOD,1.10
ROAD216,LOC011,LOC072,3.93,6.7,GOOD,1.10
ROAD217,LOC117,LOC049,2.26,5,VERY_GOOD,1.00
ROAD218,LOC081,LOC088,1.95,5.7,VERY_GOOD,1.00
ROAD219,LOC064,LOC122,4.3,9,VERY_GOOD,1.00
ROAD220,LOC055,LOC114,2.46,6,FAIR,1.25
ROAD221,LOC040,LOC125,8.6,16.5,GOOD,1.10
ROAD222,LOC071,LOC075,2.17,4.3,VERY_GOOD,1.00
ROAD223,LOC042,LOC075,5.69,15.9,FAIR,1.25
ROAD224,LOC121,LOC083,1.8,4.5,POOR,1.50
ROAD225,LOC052,LOC055,1.43,4,GOOD,1.10
ROAD226,LOC084,LOC053,9.01,33.9,VERY_GOOD,1.00
ROAD227,LOC136,LOC112,8.2,17.6,POOR,1.50
ROAD228,LOC127,LOC121,11.3,31,FAIR,1.25
ROAD229,LOC077,LOC087,2.02,6.1,FAIR,1.25
ROAD230,LOC004,LOC119,4.24,6.9,POOR,1.50
ROAD231,LOC100,LOC039,5.22,10.6,VERY_GOOD,1.00
ROAD232,LOC123,LOC091,3.54,8.8,VERY_GOOD,1.00
ROAD233,LOC107,LOC117,1.18,3.1,FAIR,1.25
ROAD234,LOC038,LOC137,6.88,22.1,GOOD,1.10
ROAD235,LOC127,LOC081,3.66,11.7,FAIR,1.25
ROAD236,LOC138,LOC012,1.86,6.5,GOOD,1.10
ROAD237,LOC005,LOC090,1.11,3.6,FAIR,1.25
ROAD238,LOC033,LOC062,0.68,1.5,FAIR,1.25
ROAD239,LOC007,LOC040,0.72,1.8,GOOD,1.10
ROAD240,LOC087,LOC112,0.96,2.4,VERY_GOOD,1.00
ROAD241,LOC138,LOC030,4.77,10.1,FAIR,1.25
ROAD242,LOC046,LOC058,2.08,6,VERY_GOOD,1.00
ROAD243,LOC073,LOC032,5.36,9.1,FAIR,1.25
ROAD244,LOC079,LOC141,7.35,14.5,GOOD,1.10
ROAD245,LOC061,LOC090,4.44,9.1,VERY_POOR,2.00
ROAD246,LOC101,LOC096,5.58,11.9,VERY_POOR,2.00
ROAD247,LOC024,LOC043,3.31,6.7,FAIR,1.25
ROAD248,LOC135,LOC070,2.1,5.1,GOOD,1.10
ROAD249,LOC123,LOC065,1.47,2.5,GOOD,1.10
ROAD250,LOC088,LOC141,6.58,24.9,VERY_GOOD,1.00
ROAD251,LOC044,LOC096,7.71,20.9,GOOD,1.10
ROAD252,LOC114,LOC036,4.98,16.2,GOOD,1.10
ROAD253,LOC141,LOC096,11.81,23.1,GOOD,1.10
ROAD254,LOC011,LOC083,6.75,14.7,GOOD,1.10
ROAD255,LOC116,LOC064,1,2.3,FAIR,1.25
ROAD256,LOC144,LOC075,2.59,5.3,FAIR,1.25
ROAD257,LOC051,LOC096,8.34,13.4,GOOD,1.10
ROAD258,LOC132,LOC146,5.32,9,GOOD,1.10
ROAD259,LOC052,LOC146,5.35,10.4,FAIR,1.25
ROAD260,LOC007,LOC069,2.32,4.1,GOOD,1.10
ROAD261,LOC070,LOC144,1.42,3.2,FAIR,1.25
ROAD262,LOC043,LOC080,6.24,17.4,FAIR,1.25
ROAD263,LOC109,LOC039,6.73,19.7,GOOD,1.10
ROAD264,LOC084,LOC138,11.31,35.5,FAIR,1.25
ROAD265,LOC127,LOC139,2.52,9.2,VERY_GOOD,1.00
ROAD266,LOC036,LOC027,4.76,9.2,VERY_GOOD,1.00
ROAD267,LOC119,LOC107,2.2,4,FAIR,1.25
ROAD268,LOC013,LOC149,1.8,3.1,POOR,1.50
ROAD269,LOC054,LOC019,3.09,8.9,FAIR,1.25
ROAD270,LOC048,LOC019,1.35,3.4,FAIR,1.25
ROAD271,LOC012,LOC099,1.7,3.2,GOOD,1.10
ROAD272,LOC050,LOC025,7.68,14.2,POOR,1.50
ROAD273,LOC072,LOC039,10.12,21.6,GOOD,1.10
ROAD274,LOC025,LOC132,0.5,1,POOR,1.50
ROAD275,LOC039,LOC121,3.6,12.1,GOOD,1.10
ROAD276,LOC095,LOC022,11.34,33.5,GOOD,1.10
ROAD277,LOC067,LOC097,2.12,4.5,VERY_POOR,2.00
ROAD278,LOC015,LOC058,11.66,38.7,FAIR,1.25
ROAD279,LOC056,LOC124,1.13,2.3,GOOD,1.10
ROAD280,LOC080,LOC125,12.78,20.3,VERY_GOOD,1.00
ROAD281,LOC124,LOC038,4.13,14,VERY_GOOD,1.00
ROAD282,LOC120,LOC037,3.38,6.4,VERY_POOR,2.00
ROAD283,LOC073,LOC135,3.97,10.5,VERY_GOOD,1.00
ROAD284,LOC052,LOC105,4.63,10.6,GOOD,1.10
ROAD285,LOC149,LOC008,3.02,5.4,POOR,1.50
ROAD286,LOC067,LOC100,3.12,7.8,FAIR,1.25
ROAD287,LOC096,LOC124,4.8,7.7,GOOD,1.10
ROAD288,LOC129,LOC002,7.03,15.3,POOR,1.50
ROAD289,LOC041,LOC105,2.93,9.2,VERY_GOOD,1.00
ROAD290,LOC112,LOC106,4.56,13.2,FAIR,1.25
ROAD291,LOC124,LOC083,7.57,20.2,VERY_GOOD,1.00
ROAD292,LOC014,LOC121,4.48,14.7,FAIR,1.25
ROAD293,LOC111,LOC054,2.32,6.9,FAIR,1.25
ROAD294,LOC047,LOC095,8.15,23.3,VERY_GOOD,1.00
ROAD295,LOC110,LOC058,5.49,9.3,GOOD,1.10
ROAD296,LOC078,LOC020,3.88,12.1,FAIR,1.25
ROAD297,LOC031,LOC053,3.26,10,POOR,1.50
ROAD298,LOC095,LOC104,4.17,10.2,POOR,1.50
ROAD299,LOC072,LOC062,1.37,5,FAIR,1.25
ROAD300,LOC076,LOC135,6.85,14,GOOD,1.10
