request_id,source_location_id,destination_location_id,category,urgency,time_submitted,deadline,status,capacity_required
SR001,LOC001,LOC011,Food Delivery,LOW,08:15,10:00,PENDING,1.00
SR002,LOC002,LOC012,Food Delivery,MEDIUM,09:30,10:30,ASSIGNED,1.00
SR003,LOC003,LOC013,Food Delivery,HIGH,09:50,10:25,IN_TRANSIT,1.00
SR004,LOC004,LOC014,Food Delivery,LOW,10:25,12:10,PENDING,1.00
SR005,LOC005,LOC015,Food Delivery,MEDIUM,10:40,11:40,ASSIGNED,1.00
SR006,LOC006,LOC016,Food Delivery,HIGH,11:00,11:35,IN_TRANSIT,1.00
SR007,LOC007,LOC017,Food Delivery,LOW,11:53,13:38,PENDING,1.00
SR008,LOC008,LOC012,Food Delivery,MEDIUM,12:00,13:00,ASSIGNED,1.00
SR009,LOC009,LOC018,Food Delivery,HIGH,12:30,13:35,IN_TRANSIT,1.00
SR010,LOC010,LOC019,Food Delivery,LOW,13:15,15:00,PENDING,1.00
SR011,LOC001,LOC013,Food Delivery,MEDIUM,13:47,14:47,ASSIGNED,1.00
SR012,LOC002,LOC014,Food Delivery,HIGH,14:05,14:40,IN_TRANSIT,1.00
SR013,LOC003,LOC015,Food Delivery,LOW,14:36,16:21,PENDING,1.00
SR014,LOC004,LOC016,Food Delivery,MEDIUM,15:40,16:40,ASSIGNED,1.00
SR015,LOC005,LOC017,Food Delivery,HIGH,17:45,18:20,IN_TRANSIT,1.00
SR016,LOC006,LOC012,Food Delivery,LOW,18:03,19:48,PENDING,1.00
SR017,LOC007,LOC018,Food Delivery,MEDIUM,19:15,20:15,ASSIGNED,1.00
SR018,LOC008,LOC019,Food Delivery,HIGH,20:30,21:05,IN_TRANSIT,1.00
SR019,LOC009,LOC013,Food Delivery,LOW,21:00,22:45,PENDING,1.00
SR020,LOC010,LOC014,Food Delivery,MEDIUM,21:25,22:25,ASSIGNED,1.00
SR021,LOC001,LOC015,Food Delivery,HIGH,22:00,22:35,IN_TRANSIT,1.00
SR022,LOC002,LOC016,Food Delivery,LOW,08:15,10:00,PENDING,1.00
SR023,LOC003,LOC017,Food Delivery,MEDIUM,09:30,10:30,ASSIGNED,1.00
SR024,LOC004,LOC012,Food Delivery,HIGH,09:50,10:25,IN_TRANSIT,1.00
SR025,LOC005,LOC018,Food Delivery,LOW,10:25,12:10,PENDING,1.00
SR026,LOC006,LOC019,Food Delivery,MEDIUM,10:40,11:40,ASSIGNED,1.00
SR027,LOC007,LOC013,Food Delivery,HIGH,11:00,11:35,IN_TRANSIT,1.00
SR028,LOC008,LOC014,Food Delivery,LOW,11:53,13:38,PENDING,1.00
SR029,LOC009,LOC015,Food Delivery,MEDIUM,12:00,13:00,ASSIGNED,1.00
SR030,LOC010,LOC016,Food Delivery,HIGH,12:30,13:35,IN_TRANSIT,1.00
SR031,LOC001,LOC017,Food Delivery,LOW,13:15,15:00,PENDING,1.00
SR032,LOC002,LOC012,Food Delivery,MEDIUM,13:47,14:47,ASSIGNED,1.00
SR033,LOC003,LOC018,Food Delivery,HIGH,14:05,14:40,IN_TRANSIT,1.00
SR034,LOC004,LOC019,Food Delivery,LOW,14:36,16:21,PENDING,1.00
SR035,LOC005,LOC013,Food Delivery,MEDIUM,15:40,16:40,ASSIGNED,1.00
SR036,LOC006,LOC014,Food Delivery,HIGH,17:45,18:20,IN_TRANSIT,1.00
SR037,LOC007,LOC015,Food Delivery,LOW,18:03,19:48,PENDING,1.00
SR038,LOC008,LOC016,Food Delivery,MEDIUM,19:15,20:15,ASSIGNED,1.00
SR039,LOC009,LOC017,Food Delivery,HIGH,20:30,21:05,IN_TRANSIT,1.00
SR040,LOC010,LOC012,Food Delivery,LOW,21:00,22:45,PENDING,1.00
SR041,LOC001,LOC018,Food Delivery,MEDIUM,21:25,22:25,ASSIGNED,1.00
SR042,LOC002,LOC019,Food Delivery,HIGH,22:00,22:35,IN_TRANSIT,1.00
SR043,LOC003,LOC013,Food Delivery,LOW,08:15,10:00,PENDING,1.00
SR044,LOC004,LOC014,Food Delivery,MEDIUM,09:30,10:30,ASSIGNED,1.00
SR045,LOC005,LOC015,Food Delivery,HIGH,09:50,10:25,IN_TRANSIT,1.00
SR046,LOC006,LOC016,Food Delivery,LOW,10:25,12:10,PENDING,1.00
SR047,LOC007,LOC017,Food Delivery,MEDIUM,10:40,11:40,ASSIGNED,1.00
SR048,LOC008,LOC012,Food Delivery,HIGH,11:00,11:35,IN_TRANSIT,1.00
SR049,LOC009,LOC018,Food Delivery,LOW,11:53,13:38,PENDING,1.00
SR050,LOC010,LOC019,Food Delivery,MEDIUM,12:00,13:00,ASSIGNED,1.00
SR051,LOC001,LOC013,Food Delivery,HIGH,12:30,13:35,IN_TRANSIT,1.00
SR052,LOC002,LOC014,Food Delivery,LOW,13:15,15:00,PENDING,1.00
SR053,LOC003,LOC015,Food Delivery,MEDIUM,13:47,14:47,ASSIGNED,1.00
SR054,LOC004,LOC016,Food Delivery,HIGH,14:05,14:40,IN_TRANSIT,1.00
SR055,LOC005,LOC017,Food Delivery,LOW,14:36,16:21,PENDING,1.00
SR056,LOC006,LOC012,Food Delivery,MEDIUM,15:40,16:40,ASSIGNED,1.00
SR057,LOC007,LOC018,Food Delivery,HIGH,17:45,18:20,IN_TRANSIT,1.00
SR058,LOC008,LOC019,Food Delivery,LOW,18:03,19:48,PENDING,1.00
SR059,LOC009,LOC013,Food Delivery,MEDIUM,19:15,20:15,ASSIGNED,1.00
SR060,LOC010,LOC014,Food Delivery,HIGH,20:30,21:05,IN_TRANSIT,1.00
SR061,LOC001,LOC015,Food Delivery,LOW,21:00,22:45,PENDING,1.00
SR062,LOC002,LOC016,Food Delivery,MEDIUM,21:25,22:25,ASSIGNED,1.00
SR063,LOC003,LOC017,Food Delivery,HIGH,22:00,22:35,IN_TRANSIT,1.00
SR064,LOC004,LOC012,Food Delivery,LOW,08:15,10:00,PENDING,1.00
SR065,LOC005,LOC018,Food Delivery,MEDIUM,09:30,10:30,ASSIGNED,1.00
SR066,LOC006,LOC019,Food Delivery,HIGH,09:50,10:25,IN_TRANSIT,1.00
SR067,LOC007,LOC013,Food Delivery,LOW,10:25,12:10,PENDING,1.00
SR068,LOC008,LOC014,Food Delivery,MEDIUM,10:40,11:40,ASSIGNED,1.00
SR069,LOC009,LOC015,Food Delivery,HIGH,11:00,11:35,IN_TRANSIT,1.00
SR070,LOC010,LOC016,Food Delivery,LOW,11:53,13:38,PENDING,1.00
SR071,LOC001,LOC017,Food Delivery,MEDIUM,12:00,13:00,ASSIGNED,1.00
SR072,LOC002,LOC012,Food Delivery,HIGH,12:30,13:35,IN_TRANSIT,1.00
SR073,LOC003,LOC018,Food Delivery,LOW,13:15,15:00,PENDING,1.00
SR074,LOC004,LOC019,Food Delivery,MEDIUM,13:47,14:47,ASSIGNED,1.00
SR075,LOC005,LOC013,Food Delivery,HIGH,14:05,14:40,IN_TRANSIT,1.00
SR076,LOC006,LOC014,Food Delivery,LOW,14:36,16:21,PENDING,1.00
SR077,LOC007,LOC015,Food Delivery,MEDIUM,15:40,16:40,ASSIGNED,1.00
SR078,LOC008,LOC016,Food Delivery,HIGH,17:45,18:20,IN_TRANSIT,1.00
SR079,LOC009,LOC017,Food Delivery,LOW,18:03,19:48,PENDING,1.00
SR080,LOC010,LOC012,Food Delivery,MEDIUM,19:15,20:15,ASSIGNED,1.00
SR081,LOC001,LOC018,Food Delivery,HIGH,20:30,21:05,IN_TRANSIT,1.00
SR082,LOC002,LOC019,Food Delivery,LOW,21:00,22:45,PENDING,1.00
SR083,LOC003,LOC013,Food Delivery,MEDIUM,21:25,22:25,ASSIGNED,1.00
SR084,LOC004,LOC014,Food Delivery,HIGH,22:00,22:35,IN_TRANSIT,1.00
SR085,LOC005,LOC015,Food Delivery,LOW,08:15,10:00,PENDING,1.00
SR086,LOC006,LOC016,Food Delivery,MEDIUM,09:30,10:30,ASSIGNED,1.00
SR087,LOC007,LOC017,Food Delivery,HIGH,09:50,10:25,IN_TRANSIT,1.00
SR088,LOC008,LOC012,Food Delivery,LOW,10:25,12:10,PENDING,1.00
SR089,LOC009,LOC018,Food Delivery,MEDIUM,10:40,11:40,ASSIGNED,1.00
SR090,LOC010,LOC019,Food Delivery,HIGH,11:00,11:35,IN_TRANSIT,1.00
SR091,LOC001,LOC013,Food Delivery,LOW,11:53,13:38,PENDING,1.00
SR092,LOC002,LOC014,Food Delivery,MEDIUM,12:00,13:00,ASSIGNED,1.00
SR093,LOC003,LOC015,Food Delivery,HIGH,12:30,13:35,IN_TRANSIT,1.00
SR094,LOC004,LOC016,Food Delivery,LOW,13:15,15:00,PENDING,1.00
SR095,LOC005,LOC017,Food Delivery,MEDIUM,13:47,14:47,ASSIGNED,1.00
SR096,LOC006,LOC012,Food Delivery,HIGH,14:05,14:40,IN_TRANSIT,1.00
SR097,LOC007,LOC018,Food Delivery,LOW,14:36,16:21,PENDING,1.00
SR098,LOC008,LOC019,Food Delivery,MEDIUM,15:40,16:40,ASSIGNED,1.00
SR099,LOC009,LOC013,Food Delivery,HIGH,17:45,18:20,IN_TRANSIT,1.00
SR100,LOC010,LOC014,Food Delivery,LOW,18:03,19:48,PENDING,1.00
SR101,LOC001,LOC015,Food Delivery,MEDIUM,19:15,20:15,ASSIGNED,1.00
SR102,LOC002,LOC016,Food Delivery,HIGH,20:30,21:05,IN_TRANSIT,1.00
SR103,LOC003,LOC017,Food Delivery,LOW,21:00,22:45,PENDING,1.00
SR104,LOC004,LOC012,Food Delivery,MEDIUM,21:25,22:25,ASSIGNED,1.00
SR105,LOC005,LOC018,Food Delivery,HIGH,22:00,22:35,IN_TRANSIT,1.00
SR106,LOC006,LOC019,Food Delivery,LOW,08:15,10:00,PENDING,1.00
SR107,LOC007,LOC013,Food Delivery,MEDIUM,09:30,10:30,ASSIGNED,1.00
SR108,LOC008,LOC014,Food Delivery,HIGH,09:50,10:25,IN_TRANSIT,1.00
SR109,LOC009,LOC015,Food Delivery,LOW,10:25,12:10,PENDING,1.00
SR110,LOC010,LOC016,Food Delivery,MEDIUM,10:40,11:40,ASSIGNED,1.00
SR111,LOC001,LOC017,Food Delivery,HIGH,11:00,11:35,IN_TRANSIT,1.00
SR112,LOC002,LOC012,Food Delivery,LOW,11:53,13:38,PENDING,1.00
SR113,LOC003,LOC018,Food Delivery,MEDIUM,12:00,13:00,ASSIGNED,1.00
SR114,LOC004,LOC019,Food Delivery,HIGH,12:30,13:35,IN_TRANSIT,1.00
SR115,LOC005,LOC013,Food Delivery,LOW,13:15,15:00,PENDING,1.00
SR116,LOC006,LOC014,Food Delivery,MEDIUM,13:47,14:47,ASSIGNED,1.00
SR117,LOC007,LOC015,Food Delivery,HIGH,14:05,14:40,IN_TRANSIT,1.00
SR118,LOC008,LOC016,Food Delivery,LOW,14:36,16:21,PENDING,1.00
SR119,LOC009,LOC017,Food Delivery,MEDIUM,15:40,16:40,ASSIGNED,1.00
SR120,LOC010,LOC012,Food Delivery,HIGH,17:45,18:20,IN_TRANSIT,1.00
SR121,LOC001,LOC018,Food Delivery,LOW,18:03,19:48,PENDING,1.00
SR122,LOC002,LOC019,Food Delivery,MEDIUM,19:15,20:15,ASSIGNED,1.00
SR123,LOC003,LOC013,Food Delivery,HIGH,20:30,21:05,IN_TRANSIT,1.00
SR124,LOC004,LOC014,Food Delivery,LOW,21:00,22:45,PENDING,1.00
SR125,LOC005,LOC015,Food Delivery,MEDIUM,21:25,22:25,ASSIGNED,1.00
SR126,LOC006,LOC016,Food Delivery,HIGH,22:00,22:35,IN_TRANSIT,1.00
SR127,LOC007,LOC017,Food Delivery,LOW,08:15,10:00,PENDING,1.00
SR128,LOC008,LOC012,Food Delivery,MEDIUM,09:30,10:30,ASSIGNED,1.00
SR129,LOC009,LOC018,Food Delivery,HIGH,09:50,10:25,IN_TRANSIT,1.00
SR130,LOC010,LOC019,Food Delivery,LOW,10:25,12:10,PENDING,1.00
SR131,LOC001,LOC013,Food Delivery,MEDIUM,10:40,11:40,ASSIGNED,1.00
SR132,LOC002,LOC014,Food Delivery,HIGH,11:00,11:35,IN_TRANSIT,1.00
SR133,LOC003,LOC015,Food Delivery,LOW,11:53,13:38,PENDING,1.00
SR134,LOC004,LOC016,Food Delivery,MEDIUM,12:00,13:00,ASSIGNED,1.00
SR135,LOC005,LOC017,Food Delivery,HIGH,12:30,13:35,IN_TRANSIT,1.00
SR136,LOC006,LOC012,Food Delivery,LOW,13:15,15:00,PENDING,1.00
SR137,LOC007,LOC018,Food Delivery,MEDIUM,13:47,14:47,ASSIGNED,1.00
SR138,LOC008,LOC019,Food Delivery,HIGH,14:05,14:40,IN_TRANSIT,1.00
SR139,LOC009,LOC013,Food Delivery,LOW,14:36,16:21,PENDING,1.00
SR140,LOC010,LOC014,Food Delivery,MEDIUM,15:40,16:40,ASSIGNED,1.00
SR141,LOC001,LOC015,Food Delivery,HIGH,17:45,18:20,IN_TRANSIT,1.00
SR142,LOC002,LOC016,Food Delivery,LOW,18:03,19:48,PENDING,1.00
SR143,LOC003,LOC017,Food Delivery,MEDIUM,19:15,20:15,ASSIGNED,1.00
SR144,LOC004,LOC012,Food Delivery,HIGH,20:30,21:05,IN_TRANSIT,1.00
SR145,LOC005,LOC018,Food Delivery,LOW,21:00,22:45,PENDING,1.00
SR146,LOC006,LOC019,Food Delivery,MEDIUM,21:25,22:25,ASSIGNED,1.00
SR147,LOC007,LOC013,Food Delivery,HIGH,22:00,22:35,IN_TRANSIT,1.00
SR148,LOC008,LOC014,Food Delivery,LOW,08:15,10:00,PENDING,1.00
SR149,LOC009,LOC015,Food Delivery,MEDIUM,09:30,10:30,ASSIGNED,1.00
SR150,LOC010,LOC016,Food Delivery,HIGH,09:50,10:25,IN_TRANSIT,1.00
SR151,LOC001,LOC017,Food Delivery,LOW,10:25,12:10,PENDING,1.00
SR152,LOC002,LOC012,Food Delivery,MEDIUM,10:40,11:40,ASSIGNED,1.00
SR153,LOC003,LOC018,Food Delivery,HIGH,11:00,11:35,IN_TRANSIT,1.00
SR154,LOC004,LOC019,Food Delivery,LOW,11:53,13:38,PENDING,1.00
SR155,LOC005,LOC013,Food Delivery,MEDIUM,12:00,13:00,ASSIGNED,1.00
SR156,LOC006,LOC014,Food Delivery,HIGH,12:30,13:35,IN_TRANSIT,1.00
SR157,LOC007,LOC015,Food Delivery,LOW,13:15,15:00,PENDING,1.00
SR158,LOC008,LOC016,Food Delivery,MEDIUM,13:47,14:47,ASSIGNED,1.00
SR159,LOC009,LOC017,Food Delivery,HIGH,14:05,14:40,IN_TRANSIT,1.00
SR160,LOC010,LOC012,Food Delivery,LOW,14:36,16:21,PENDING,1.00
SR161,LOC001,LOC018,Food Delivery,MEDIUM,15:40,16:40,ASSIGNED,1.00
SR162,LOC002,LOC019,Food Delivery,HIGH,17:45,18:20,IN_TRANSIT,1.00
SR163,LOC003,LOC013,Food Delivery,LOW,18:03,19:48,PENDING,1.00
SR164,LOC004,LOC014,Food Delivery,MEDIUM,19:15,20:15,ASSIGNED,1.00
SR165,LOC005,LOC015,Food Delivery,HIGH,20:30,21:05,IN_TRANSIT,1.00
SR166,LOC006,LOC016,Food Delivery,LOW,21:00,22:45,PENDING,1.00
SR167,LOC007,LOC017,Food Delivery,MEDIUM,21:25,22:25,ASSIGNED,1.00
SR168,LOC008,LOC012,Food Delivery,HIGH,22:00,22:35,IN_TRANSIT,1.00
SR169,LOC009,LOC018,Food Delivery,LOW,08:15,10:00,PENDING,1.00
SR170,LOC010,LOC019,Food Delivery,MEDIUM,09:30,10:30,ASSIGNED,1.00
SR171,LOC001,LOC013,Food Delivery,HIGH,09:50,10:25,IN_TRANSIT,1.00
SR172,LOC002,LOC014,Food Delivery,LOW,10:25,12:10,PENDING,1.00
SR173,LOC003,LOC015,Food Delivery,MEDIUM,10:40,11:40,ASSIGNED,1.00
SR174,LOC004,LOC016,Food Delivery,HIGH,11:00,11:35,IN_TRANSIT,1.00
SR175,LOC005,LOC017,Food Delivery,LOW,11:53,13:38,PENDING,1.00
SR176,LOC006,LOC012,Food Delivery,MEDIUM,12:00,13:00,ASSIGNED,1.00
SR177,LOC007,LOC018,Food Delivery,HIGH,12:30,13:35,IN_TRANSIT,1.00
SR178,LOC008,LOC019,Food Delivery,LOW,13:15,15:00,PENDING,1.00
SR179,LOC009,LOC013,Food Delivery,MEDIUM,13:47,14:47,ASSIGNED,1.00
SR180,LOC010,LOC014,Food Delivery,HIGH,14:05,14:40,IN_TRANSIT,1.00
SR181,LOC001,LOC015,Food Delivery,LOW,14:36,16:21,PENDING,1.00
SR182,LOC002,LOC016,Food Delivery,MEDIUM,15:40,16:40,ASSIGNED,1.00
SR183,LOC003,LOC017,Food Delivery,HIGH,17:45,18:20,IN_TRANSIT,1.00
SR184,LOC004,LOC012,Food Delivery,LOW,18:03,19:48,PENDING,1.00
SR185,LOC005,LOC018,Food Delivery,MEDIUM,19:15,20:15,ASSIGNED,1.00
SR186,LOC006,LOC019,Food Delivery,HIGH,20:30,21:05,IN_TRANSIT,1.00
SR187,LOC007,LOC013,Food Delivery,LOW,21:00,22:45,PENDING,1.00
SR188,LOC008,LOC014,Food Delivery,MEDIUM,21:25,22:25,ASSIGNED,1.00
SR189,LOC009,LOC015,Food Delivery,HIGH,22:00,22:35,IN_TRANSIT,1.00
SR190,LOC010,LOC016,Food Delivery,LOW,08:15,10:00,PENDING,1.00
SR191,LOC001,LOC017,Food Delivery,MEDIUM,09:30,10:30,ASSIGNED,1.00
SR192,LOC002,LOC012,Food Delivery,HIGH,09:50,10:25,IN_TRANSIT,1.00
SR193,LOC003,LOC018,Food Delivery,LOW,10:25,12:10,PENDING,1.00
SR194,LOC004,LOC019,Food Delivery,MEDIUM,10:40,11:40,ASSIGNED,1.00
SR195,LOC005,LOC013,Food Delivery,HIGH,11:00,11:35,IN_TRANSIT,1.00
SR196,LOC006,LOC014,Food Delivery,LOW,11:53,13:38,PENDING,1.00
SR197,LOC007,LOC015,Food Delivery,MEDIUM,12:00,13:00,ASSIGNED,1.00
SR198,LOC008,LOC016,Food Delivery,HIGH,12:30,13:35,IN_TRANSIT,1.00
SR199,LOC009,LOC017,Food Delivery,LOW,13:15,15:00,PENDING,1.00
SR200,LOC010,LOC012,Food Delivery,MEDIUM,13:47,14:47,ASSIGNED,1.00
SR201,LOC001,LOC018,Food Delivery,HIGH,14:05,14:40,IN_TRANSIT,1.00
SR202,LOC002,LOC019,Food Delivery,LOW,14:36,16:21,PENDING,1.00
SR203,LOC003,LOC013,Food Delivery,MEDIUM,15:40,16:40,ASSIGNED,1.00
SR204,LOC004,LOC014,Food Delivery,HIGH,17:45,18:20,IN_TRANSIT,1.00
SR205,LOC005,LOC015,Food Delivery,LOW,18:03,19:48,PENDING,1.00
SR206,LOC006,LOC016,Food Delivery,MEDIUM,19:15,20:15,ASSIGNED,1.00
SR207,LOC007,LOC017,Food Delivery,HIGH,20:30,21:05,IN_TRANSIT,1.00
SR208,LOC008,LOC012,Food Delivery,LOW,21:00,22:45,PENDING,1.00
SR209,LOC009,LOC018,Food Delivery,MEDIUM,21:25,22:25,ASSIGNED,1.00
SR210,LOC010,LOC019,Food Delivery,HIGH,22:00,22:35,IN_TRANSIT,1.00
SR211,LOC001,LOC013,Food Delivery,LOW,08:15,10:00,PENDING,1.00
SR212,LOC002,LOC014,Food Delivery,MEDIUM,09:30,10:30,ASSIGNED,1.00
SR213,LOC003,LOC015,Food Delivery,HIGH,09:50,10:25,IN_TRANSIT,1.00
SR214,LOC004,LOC016,Food Delivery,LOW,10:25,12:10,PENDING,1.00
SR215,LOC005,LOC017,Food Delivery,MEDIUM,10:40,11:40,ASSIGNED,1.00
SR216,LOC006,LOC012,Food Delivery,HIGH,11:00,11:35,IN_TRANSIT,1.00
SR217,LOC007,LOC018,Food Delivery,LOW,11:53,13:38,PENDING,1.00
SR218,LOC008,LOC019,Food Delivery,MEDIUM,12:00,13:00,ASSIGNED,1.00
SR219,LOC009,LOC013,Food Delivery,HIGH,12:30,13:35,IN_TRANSIT,1.00
SR220,LOC010,LOC014,Food Delivery,LOW,13:15,15:00,PENDING,1.00
SR221,LOC001,LOC015,Food Delivery,MEDIUM,13:47,14:47,ASSIGNED,1.00
SR222,LOC002,LOC016,Food Delivery,HIGH,14:05,14:40,IN_TRANSIT,1.00
SR223,LOC003,LOC017,Food Delivery,LOW,14:36,16:21,PENDING,1.00
SR224,LOC004,LOC012,Food Delivery,MEDIUM,15:40,16:40,ASSIGNED,1.00
SR225,LOC005,LOC018,Food Delivery,HIGH,17:45,18:20,IN_TRANSIT,1.00
SR226,LOC006,LOC019,Food Delivery,LOW,18:03,19:48,PENDING,1.00
SR227,LOC007,LOC013,Food Delivery,MEDIUM,19:15,20:15,ASSIGNED,1.00
SR228,LOC008,LOC014,Food Delivery,HIGH,20:30,21:05,IN_TRANSIT,1.00
SR229,LOC009,LOC015,Food Delivery,LOW,21:00,22:45,PENDING,1.00
SR230,LOC010,LOC016,Food Delivery,MEDIUM,21:25,22:25,ASSIGNED,1.00
SR231,LOC001,LOC017,Food Delivery,HIGH,22:00,22:35,IN_TRANSIT,1.00
SR232,LOC002,LOC012,Food Delivery,LOW,08:15,10:00,PENDING,1.00
SR233,LOC003,LOC018,Food Delivery,MEDIUM,09:30,10:30,ASSIGNED,1.00
SR234,LOC004,LOC019,Food Delivery,HIGH,09:50,10:25,IN_TRANSIT,1.00
SR235,LOC005,LOC013,Food Delivery,LOW,10:25,12:10,PENDING,1.00
SR236,LOC006,LOC014,Food Delivery,MEDIUM,10:40,11:40,ASSIGNED,1.00
SR237,LOC007,LOC015,Food Delivery,HIGH,11:00,11:35,IN_TRANSIT,1.00
SR238,LOC008,LOC016,Food Delivery,LOW,11:53,13:38,PENDING,1.00
SR239,LOC009,LOC017,Food Delivery,MEDIUM,12:00,13:00,ASSIGNED,1.00
SR240,LOC010,LOC012,Food Delivery,HIGH,12:30,13:35,IN_TRANSIT,1.00
SR241,LOC001,LOC018,Food Delivery,LOW,13:15,15:00,PENDING,1.00
SR242,LOC002,LOC019,Food Delivery,MEDIUM,13:47,14:47,ASSIGNED,1.00
SR243,LOC003,LOC013,Food Delivery,HIGH,14:05,14:40,IN_TRANSIT,1.00
SR244,LOC004,LOC014,Food Delivery,LOW,14:36,16:21,PENDING,1.00
SR245,LOC005,LOC015,Food Delivery,MEDIUM,15:40,16:40,ASSIGNED,1.00
SR246,LOC006,LOC016,Food Delivery,HIGH,17:45,18:20,IN_TRANSIT,1.00
SR247,LOC007,LOC017,Food Delivery,LOW,18:03,19:48,PENDING,1.00
SR248,LOC008,LOC012,Food Delivery,MEDIUM,19:15,20:15,ASSIGNED,1.00
SR249,LOC009,LOC018,Food Delivery,HIGH,20:30,21:05,IN_TRANSIT,1.00
SR250,LOC010,LOC019,Food Delivery,LOW,21:00,22:45,PENDING,1.00
SR251,LOC001,LOC013,Food Delivery,MEDIUM,21:25,22:25,ASSIGNED,1.00
SR252,LOC002,LOC014,Food Delivery,HIGH,22:00,22:35,IN_TRANSIT,1.00
SR253,LOC003,LOC015,Food Delivery,LOW,08:15,10:00,PENDING,1.00
SR254,LOC004,LOC016,Food Delivery,MEDIUM,09:30,10:30,ASSIGNED,1.00
SR255,LOC005,LOC017,Food Delivery,HIGH,09:50,10:25,IN_TRANSIT,1.00
SR256,LOC006,LOC012,Food Delivery,LOW,10:25,12:10,PENDING,1.00
SR257,LOC007,LOC018,Food Delivery,MEDIUM,10:40,11:40,ASSIGNED,1.00
SR258,LOC008,LOC019,Food Delivery,HIGH,11:00,11:35,IN_TRANSIT,1.00
SR259,LOC009,LOC013,Food Delivery,LOW,11:53,13:38,PENDING,1.00
SR260,LOC010,LOC014,Food Delivery,MEDIUM,12:00,13:00,ASSIGNED,1.00
SR261,LOC001,LOC015,Food Delivery,HIGH,12:30,13:35,IN_TRANSIT,1.00
SR262,LOC002,LOC016,Food Delivery,LOW,13:15,15:00,PENDING,1.00
SR263,LOC003,LOC017,Food Delivery,MEDIUM,13:47,14:47,ASSIGNED,1.00
SR264,LOC004,LOC012,Food Delivery,HIGH,14:05,14:40,IN_TRANSIT,1.00
SR265,LOC005,LOC018,Food Delivery,LOW,14:36,16:21,PENDING,1.00
SR266,LOC006,LOC019,Food Delivery,MEDIUM,15:40,16:40,ASSIGNED,1.00
SR267,LOC007,LOC013,Food Delivery,HIGH,17:45,18:20,IN_TRANSIT,1.00
SR268,LOC008,LOC014,Food Delivery,LOW,18:03,19:48,PENDING,1.00
SR269,LOC009,LOC015,Food Delivery,MEDIUM,19:15,20:15,ASSIGNED,1.00
SR270,LOC010,LOC016,Food Delivery,HIGH,20:30,21:05,IN_TRANSIT,1.00
SR271,LOC001,LOC017,Food Delivery,LOW,21:00,22:45,PENDING,1.00
SR272,LOC002,LOC012,Food Delivery,MEDIUM,21:25,22:25,ASSIGNED,1.00
SR273,LOC003,LOC018,Food Delivery,HIGH,22:00,22:35,IN_TRANSIT,1.00
SR274,LOC004,LOC019,Food Delivery,LOW,08:15,10:00,PENDING,1.00
SR275,LOC005,LOC013,Food Delivery,MEDIUM,09:30,10:30,ASSIGNED,1.00
SR276,LOC006,LOC014,Food Delivery,HIGH,09:50,10:25,IN_TRANSIT,1.00
SR277,LOC007,LOC015,Food Delivery,LOW,10:25,12:10,PENDING,1.00
SR278,LOC008,LOC016,Food Delivery,MEDIUM,10:40,11:40,ASSIGNED,1.00
SR279,LOC009,LOC017,Food Delivery,HIGH,11:00,11:35,IN_TRANSIT,1.00
SR280,LOC010,LOC012,Food Delivery,LOW,11:53,13:38,PENDING,1.00
SR281,LOC001,LOC018,Food Delivery,MEDIUM,12:00,13:00,ASSIGNED,1.00
SR282,LOC002,LOC019,Food Delivery,HIGH,12:30,13:35,IN_TRANSIT,1.00
SR283,LOC003,LOC013,Food Delivery,LOW,13:15,15:00,PENDING,1.00
SR284,LOC004,LOC014,Food Delivery,MEDIUM,13:47,14:47,ASSIGNED,1.00
SR285,LOC005,LOC015,Food Delivery,HIGH,14:05,14:40,IN_TRANSIT,1.00
SR286,LOC006,LOC016,Food Delivery,LOW,14:36,16:21,PENDING,1.00
SR287,LOC007,LOC017,Food Delivery,MEDIUM,15:40,16:40,ASSIGNED,1.00
SR288,LOC008,LOC012,Food Delivery,HIGH,17:45,18:20,IN_TRANSIT,1.00
SR289,LOC009,LOC018,Food Delivery,LOW,18:03,19:48,PENDING,1.00
SR290,LOC010,LOC019,Food Delivery,MEDIUM,19:15,20:15,ASSIGNED,1.00
SR291,LOC001,LOC013,Food Delivery,HIGH,20:30,21:05,IN_TRANSIT,1.00
SR292,LOC002,LOC014,Food Delivery,LOW,21:00,22:45,PENDING,1.00
SR293,LOC003,LOC015,Food Delivery,MEDIUM,21:25,22:25,ASSIGNED,1.00
SR294,LOC004,LOC016,Food Delivery,HIGH,22:00,22:35,IN_TRANSIT,1.00
SR295,LOC005,LOC017,Food Delivery,LOW,08:15,10:00,PENDING,1.00
SR296,LOC006,LOC012,Food Delivery,MEDIUM,09:30,10:30,ASSIGNED,1.00
SR297,LOC007,LOC018,Food Delivery,HIGH,09:50,10:25,IN_TRANSIT,1.00
SR298,LOC008,LOC019,Food Delivery,LOW,10:25,12:10,PENDING,1.00
SR299,LOC009,LOC013,Food Delivery,MEDIUM,10:40,11:40,ASSIGNED,1.00
SR300,LOC010,LOC016,Food Delivery,HIGH,11:00,11:35,IN_TRANSIT,1.00
SR301,LOC001,LOC017,Food Delivery,LOW,11:53,13:38,PENDING,1.00
SR302,LOC002,LOC012,Food Delivery,MEDIUM,12:00,13:00,ASSIGNED,1.00
SR303,LOC003,LOC018,Food Delivery,HIGH,12:30,13:35,IN_TRANSIT,1.00
SR304,LOC004,LOC019,Food Delivery,LOW,13:15,15:00,PENDING,1.00
SR305,LOC005,LOC013,Food Delivery,MEDIUM,13:47,14:47,ASSIGNED,1.00
SR306,LOC006,LOC016,Food Delivery,HIGH,14:05,14:40,IN_TRANSIT,1.00
SR307,LOC007,LOC017,Food Delivery,LOW,14:36,16:21,PENDING,1.00
SR308,LOC008,LOC012,Food Delivery,MEDIUM,15:40,16:40,ASSIGNED,1.00
SR309,LOC009,LOC018,Food Delivery,HIGH,17:45,18:20,IN_TRANSIT,1.00
SR310,LOC010,LOC019,Food Delivery,LOW,18:03,19:48,PENDING,1.00
SR311,LOC001,LOC013,Food Delivery,MEDIUM,19:15,20:15,ASSIGNED,1.00
SR312,LOC002,LOC016,Food Delivery,HIGH,20:30,21:05,IN_TRANSIT,1.00
SR313,LOC003,LOC017,Food Delivery,LOW,21:00,22:45,PENDING,1.00
SR314,LOC004,LOC012,Food Delivery,MEDIUM,21:25,22:25,ASSIGNED,1.00
SR315,LOC005,LOC018,Food Delivery,HIGH,22:00,22:35,IN_TRANSIT,1.00
SR316,LOC006,LOC019,Food Delivery,LOW,08:15,10:00,PENDING,1.00
SR317,LOC007,LOC013,Food Delivery,MEDIUM,09:30,10:30,ASSIGNED,1.00
SR318,LOC008,LOC016,Food Delivery,HIGH,09:50,10:25,IN_TRANSIT,1.00
SR319,LOC009,LOC017,Food Delivery,LOW,10:25,12:10,PENDING,1.00
SR320,LOC010,LOC012,Food Delivery,MEDIUM,10:40,11:40,ASSIGNED,1.00
SR321,LOC001,LOC018,Food Delivery,HIGH,11:00,11:35,IN_TRANSIT,1.00
SR322,LOC002,LOC019,Food Delivery,LOW,11:53,13:38,PENDING,1.00
SR323,LOC003,LOC013,Food Delivery,MEDIUM,12:00,13:00,ASSIGNED,1.00
SR324,LOC004,LOC016,Food Delivery,HIGH,12:30,13:35,IN_TRANSIT,1.00
SR325,LOC005,LOC017,Food Delivery,LOW,13:15,15:00,PENDING,1.00
SR326,LOC006,LOC012,Food Delivery,MEDIUM,13:47,14:47,ASSIGNED,1.00
SR327,LOC007,LOC018,Food Delivery,HIGH,14:05,14:40,IN_TRANSIT,1.00
SR328,LOC008,LOC019,Food Delivery,LOW,14:36,16:21,PENDING,1.00
SR329,LOC009,LOC013,Food Delivery,MEDIUM,15:40,16:40,ASSIGNED,1.00
SR330,LOC010,LOC016,Food Delivery,HIGH,17:45,18:20,IN_TRANSIT,1.00
SR331,LOC001,LOC017,Food Delivery,LOW,18:03,19:48,PENDING,1.00
SR332,LOC002,LOC012,Food Delivery,MEDIUM,19:15,20:15,ASSIGNED,1.00
SR333,LOC003,LOC018,Food Delivery,HIGH,20:30,21:05,IN_TRANSIT,1.00
SR334,LOC004,LOC019,Food Delivery,LOW,21:00,22:45,PENDING,1.00
SR335,LOC005,LOC013,Food Delivery,MEDIUM,21:25,22:25,ASSIGNED,1.00
SR336,LOC006,LOC016,Food Delivery,HIGH,22:00,22:35,IN_TRANSIT,1.00
SR337,LOC007,LOC017,Food Delivery,LOW,08:15,10:00,PENDING,1.00
SR338,LOC008,LOC012,Food Delivery,MEDIUM,09:30,10:30,ASSIGNED,1.00
SR339,LOC009,LOC018,Food Delivery,HIGH,09:50,10:25,IN_TRANSIT,1.00
SR340,LOC010,LOC019,Food Delivery,LOW,10:25,12:10,PENDING,1.00
SR341,LOC001,LOC013,Food Delivery,MEDIUM,10:40,11:40,ASSIGNED,1.00
SR342,LOC002,LOC016,Food Delivery,HIGH,11:00,11:35,IN_TRANSIT,1.00
SR343,LOC003,LOC017,Food Delivery,LOW,11:53,13:38,PENDING,1.00
SR344,LOC004,LOC012,Food Delivery,MEDIUM,12:00,13:00,ASSIGNED,1.00
SR345,LOC005,LOC018,Food Delivery,HIGH,12:30,13:35,IN_TRANSIT,1.00
SR346,LOC006,LOC019,Food Delivery,LOW,13:15,15:00,PENDING,1.00
SR347,LOC007,LOC013,Food Delivery,MEDIUM,13:47,14:47,ASSIGNED,1.00
SR348,LOC008,LOC016,Food Delivery,HIGH,14:05,14:40,IN_TRANSIT,1.00
SR349,LOC009,LOC017,Food Delivery,LOW,14:36,16:21,PENDING,1.00
SR350,LOC010,LOC012,Food Delivery,MEDIUM,15:40,16:40,ASSIGNED,1.00
SR351,LOC001,LOC018,Food Delivery,HIGH,17:45,18:20,IN_TRANSIT,1.00
SR352,LOC002,LOC019,Food Delivery,LOW,18:03,19:48,PENDING,1.00
SR353,LOC003,LOC013,Food Delivery,MEDIUM,19:15,20:15,ASSIGNED,1.00
SR354,LOC004,LOC016,Food Delivery,HIGH,20:30,21:05,IN_TRANSIT,1.00
SR355,LOC005,LOC017,Food Delivery,LOW,21:00,22:45,PENDING,1.00
SR356,LOC006,LOC012,Food Delivery,MEDIUM,21:25,22:25,ASSIGNED,1.00
SR357,LOC007,LOC018,Food Delivery,HIGH,22:00,22:35,IN_TRANSIT,1.00
SR358,LOC008,LOC019,Food Delivery,LOW,08:15,10:00,PENDING,1.00
SR359,LOC009,LOC013,Food Delivery,MEDIUM,09:30,10:30,ASSIGNED,1.00
SR360,LOC010,LOC016,Food Delivery,HIGH,09:50,10:25,IN_TRANSIT,1.00
SR361,LOC001,LOC017,Food Delivery,LOW,10:25,12:10,PENDING,1.00
SR362,LOC002,LOC012,Food Delivery,MEDIUM,10:40,11:40,ASSIGNED,1.00
SR363,LOC003,LOC018,Food Delivery,HIGH,11:00,11:35,IN_TRANSIT,1.00
SR364,LOC004,LOC019,Food Delivery,LOW,11:53,13:38,PENDING,1.00
SR365,LOC005,LOC013,Food Delivery,MEDIUM,12:00,13:00,ASSIGNED,1.00
SR366,LOC006,LOC016,Food Delivery,HIGH,12:30,13:35,IN_TRANSIT,1.00
SR367,LOC007,LOC017,Food Delivery,LOW,13:15,15:00,PENDING,1.00
SR368,LOC008,LOC012,Food Delivery,MEDIUM,13:47,14:47,ASSIGNED,1.00
SR369,LOC009,LOC018,Food Delivery,HIGH,14:05,14:40,IN_TRANSIT,1.00
SR370,LOC010,LOC019,Food Delivery,LOW,14:36,16:21,PENDING,1.00
SR371,LOC001,LOC013,Food Delivery,MEDIUM,15:40,16:40,ASSIGNED,1.00
SR372,LOC002,LOC016,Food Delivery,HIGH,17:45,18:20,IN_TRANSIT,1.00
SR373,LOC003,LOC017,Food Delivery,LOW,18:03,19:48,PENDING,1.00
SR374,LOC004,LOC012,Food Delivery,MEDIUM,19:15,20:15,ASSIGNED,1.00
SR375,LOC005,LOC018,Food Delivery,HIGH,20:30,21:05,IN_TRANSIT,1.00
SR376,LOC006,LOC019,Food Delivery,LOW,21:00,22:45,PENDING,1.00
SR377,LOC007,LOC013,Food Delivery,MEDIUM,21:25,22:25,ASSIGNED,1.00
SR378,LOC008,LOC016,Food Delivery,HIGH,22:00,22:35,IN_TRANSIT,1.00
SR379,LOC009,LOC017,Food Delivery,LOW,08:15,10:00,PENDING,1.00
SR380,LOC010,LOC012,Food Delivery,MEDIUM,09:30,10:30,ASSIGNED,1.00
SR381,LOC001,LOC018,Food Delivery,HIGH,09:50,10:25,IN_TRANSIT,1.00
SR382,LOC002,LOC019,Food Delivery,LOW,10:25,12:10,PENDING,1.00
SR383,LOC003,LOC013,Food Delivery,MEDIUM,10:40,11:40,ASSIGNED,1.00
SR384,LOC004,LOC016,Food Delivery,HIGH,11:00,11:35,IN_TRANSIT,1.00
SR385,LOC005,LOC017,Food Delivery,LOW,11:53,13:38,PENDING,1.00
SR386,LOC006,LOC012,Food Delivery,MEDIUM,12:00,13:00,ASSIGNED,1.00
SR387,LOC007,LOC018,Food Delivery,HIGH,12:30,13:35,IN_TRANSIT,1.00
SR388,LOC008,LOC019,Food Delivery,LOW,13:15,15:00,PENDING,1.00
SR389,LOC009,LOC013,Food Delivery,MEDIUM,13:47,14:47,ASSIGNED,1.00
SR390,LOC010,LOC016,Food Delivery,HIGH,14:05,14:40,IN_TRANSIT,1.00
SR391,LOC001,LOC017,Food Delivery,LOW,14:36,16:21,PENDING,1.00
SR392,LOC002,LOC012,Food Delivery,MEDIUM,15:40,16:40,ASSIGNED,1.00
SR393,LOC003,LOC018,Food Delivery,HIGH,17:45,18:20,IN_TRANSIT,1.00
SR394,LOC004,LOC019,Food Delivery,LOW,18:03,19:48,PENDING,1.00
SR395,LOC005,LOC013,Food Delivery,MEDIUM,19:15,20:15,ASSIGNED,1.00
SR396,LOC006,LOC016,Food Delivery,HIGH,20:30,21:05,IN_TRANSIT,1.00
SR397,LOC007,LOC017,Food Delivery,LOW,21:00,22:45,PENDING,1.00
SR398,LOC008,LOC012,Food Delivery,MEDIUM,21:25,22:25,ASSIGNED,1.00
SR399,LOC009,LOC018,Food Delivery,HIGH,22:00,22:35,IN_TRANSIT,1.00
SR400,LOC010,LOC019,Food Delivery,LOW,08:15,10:00,PENDING,1.00
SR401,LOC001,LOC013,Food Delivery,MEDIUM,09:30,10:30,ASSIGNED,1.00
SR402,LOC002,LOC016,Food Delivery,HIGH,09:50,10:25,IN_TRANSIT,1.00
SR403,LOC003,LOC017,Food Delivery,LOW,10:25,12:10,PENDING,1.00
SR404,LOC004,LOC012,Food Delivery,MEDIUM,10:40,11:40,ASSIGNED,1.00
SR405,LOC005,LOC018,Food Delivery,HIGH,11:00,11:35,IN_TRANSIT,1.00
SR406,LOC006,LOC019,Food Delivery,LOW,11:53,13:38,PENDING,1.00
SR407,LOC007,LOC013,Food Delivery,MEDIUM,12:00,13:00,ASSIGNED,1.00
SR408,LOC008,LOC016,Food Delivery,HIGH,12:30,13:35,IN_TRANSIT,1.00
SR409,LOC009,LOC017,Food Delivery,LOW,13:15,15:00,PENDING,1.00
SR410,LOC010,LOC012,Food Delivery,MEDIUM,13:47,14:47,ASSIGNED,1.00
SR411,LOC001,LOC018,Food Delivery,HIGH,14:05,14:40,IN_TRANSIT,1.00
SR412,LOC002,LOC019,Food Delivery,LOW,14:36,16:21,PENDING,1.00
SR413,LOC003,LOC013,Food Delivery,MEDIUM,15:40,16:40,ASSIGNED,1.00
SR414,LOC004,LOC016,Food Delivery,HIGH,17:45,18:20,IN_TRANSIT,1.00
SR415,LOC005,LOC017,Food Delivery,LOW,18:03,19:48,PENDING,1.00
SR416,LOC006,LOC012,Food Delivery,MEDIUM,19:15,20:15,ASSIGNED,1.00
SR417,LOC007,LOC018,Food Delivery,HIGH,20:30,21:05,IN_TRANSIT,1.00
SR418,LOC008,LOC019,Food Delivery,LOW,21:00,22:45,PENDING,1.00
SR419,LOC009,LOC013,Food Delivery,MEDIUM,21:25,22:25,ASSIGNED,1.00
SR420,LOC010,LOC016,Food Delivery,HIGH,22:00,22:35,IN_TRANSIT,1.00
SR421,LOC001,LOC017,Food Delivery,LOW,08:15,10:00,PENDING,1.00
SR422,LOC002,LOC012,Food Delivery,MEDIUM,09:30,10:30,ASSIGNED,1.00
SR423,LOC003,LOC018,Food Delivery,HIGH,09:50,10:25,IN_TRANSIT,1.00
SR424,LOC004,LOC019,Food Delivery,LOW,10:25,12:10,PENDING,1.00
SR425,LOC005,LOC013,Food Delivery,MEDIUM,10:40,11:40,ASSIGNED,1.00
SR426,LOC006,LOC016,Food Delivery,HIGH,11:00,11:35,IN_TRANSIT,1.00
SR427,LOC007,LOC017,Food Delivery,LOW,11:53,13:38,PENDING,1.00
SR428,LOC008,LOC012,Food Delivery,MEDIUM,12:00,13:00,ASSIGNED,1.00
SR429,LOC009,LOC018,Food Delivery,HIGH,12:30,13:35,IN_TRANSIT,1.00
SR430,LOC010,LOC019,Food Delivery,LOW,13:15,15:00,PENDING,1.00
SR431,LOC001,LOC013,Food Delivery,MEDIUM,13:47,14:47,ASSIGNED,1.00
SR432,LOC002,LOC016,Food Delivery,HIGH,14:05,14:40,IN_TRANSIT,1.00
SR433,LOC003,LOC017,Food Delivery,LOW,14:36,16:21,PENDING,1.00
SR434,LOC004,LOC012,Food Delivery,MEDIUM,15:40,16:40,ASSIGNED,1.00
SR435,LOC005,LOC018,Food Delivery,HIGH,17:45,18:20,IN_TRANSIT,1.00
SR436,LOC006,LOC019,Food Delivery,LOW,18:03,19:48,PENDING,1.00
SR437,LOC007,LOC013,Food Delivery,MEDIUM,19:15,20:15,ASSIGNED,1.00
SR438,LOC008,LOC016,Food Delivery,HIGH,20:30,21:05,IN_TRANSIT,1.00
SR439,LOC009,LOC017,Food Delivery,LOW,21:00,22:45,PENDING,1.00
SR440,LOC010,LOC012,Food Delivery,MEDIUM,21:25,22:25,ASSIGNED,1.00
SR441,LOC001,LOC018,Food Delivery,HIGH,22:00,22:35,IN_TRANSIT,1.00
SR442,LOC002,LOC019,Food Delivery,LOW,08:15,10:00,PENDING,1.00
SR443,LOC003,LOC013,Food Delivery,MEDIUM,09:30,10:30,ASSIGNED,1.00
SR444,LOC004,LOC016,Food Delivery,HIGH,09:50,10:25,IN_TRANSIT,1.00
SR445,LOC005,LOC017,Food Delivery,LOW,10:25,12:10,PENDING,1.00
SR446,LOC006,LOC012,Food Delivery,MEDIUM,10:40,11:40,ASSIGNED,1.00
SR447,LOC007,LOC018,Food Delivery,HIGH,11:00,11:35,IN_TRANSIT,1.00
SR448,LOC008,LOC019,Food Delivery,LOW,11:53,13:38,PENDING,1.00
SR449,LOC009,LOC013,Food Delivery,MEDIUM,12:00,13:00,ASSIGNED,1.00
SR450,LOC010,LOC016,Food Delivery,HIGH,12:30,13:35,IN_TRANSIT,1.00
SR451,LOC001,LOC017,Food Delivery,LOW,13:15,15:00,PENDING,1.00
SR452,LOC002,LOC012,Food Delivery,MEDIUM,13:47,14:47,ASSIGNED,1.00
SR453,LOC003,LOC018,Food Delivery,HIGH,14:05,14:40,IN_TRANSIT,1.00
SR454,LOC004,LOC019,Food Delivery,LOW,14:36,16:21,PENDING,1.00
SR455,LOC005,LOC013,Food Delivery,MEDIUM,15:40,16:40,ASSIGNED,1.00
SR456,LOC006,LOC016,Food Delivery,HIGH,17:45,18:20,IN_TRANSIT,1.00
SR457,LOC007,LOC017,Food Delivery,LOW,18:03,19:48,PENDING,1.00
SR458,LOC008,LOC012,Food Delivery,MEDIUM,19:15,20:15,ASSIGNED,1.00
SR459,LOC009,LOC018,Food Delivery,HIGH,20:30,21:05,IN_TRANSIT,1.00
SR460,LOC010,LOC019,Food Delivery,LOW,21:00,22:45,PENDING,1.00
SR461,LOC001,LOC013,Food Delivery,MEDIUM,21:25,22:25,ASSIGNED,1.00
SR462,LOC002,LOC016,Food Delivery,HIGH,22:00,22:35,IN_TRANSIT,1.00
SR463,LOC003,LOC017,Food Delivery,LOW,08:15,10:00,PENDING,1.00
SR464,LOC004,LOC012,Food Delivery,MEDIUM,09:30,10:30,ASSIGNED,1.00
SR465,LOC005,LOC018,Food Delivery,HIGH,09:50,10:25,IN_TRANSIT,1.00
SR466,LOC006,LOC019,Food Delivery,LOW,10:25,12:10,PENDING,1.00
SR467,LOC007,LOC013,Food Delivery,MEDIUM,10:40,11:40,ASSIGNED,1.00
SR468,LOC008,LOC016,Food Delivery,HIGH,11:00,11:35,IN_TRANSIT,1.00
SR469,LOC009,LOC017,Food Delivery,LOW,11:53,13:38,PENDING,1.00
SR470,LOC010,LOC012,Food Delivery,MEDIUM,12:00,13:00,ASSIGNED,1.00
SR471,LOC001,LOC018,Food Delivery,HIGH,12:30,13:35,IN_TRANSIT,1.00
SR472,LOC002,LOC019,Food Delivery,LOW,13:15,15:00,PENDING,1.00
SR473,LOC003,LOC013,Food Delivery,MEDIUM,13:47,14:47,ASSIGNED,1.00
SR474,LOC004,LOC016,Food Delivery,HIGH,14:05,14:40,IN_TRANSIT,1.00
SR475,LOC005,LOC017,Food Delivery,LOW,14:36,16:21,PENDING,1.00
SR476,LOC006,LOC012,Food Delivery,MEDIUM,15:40,16:40,ASSIGNED,1.00
SR477,LOC007,LOC018,Food Delivery,HIGH,17:45,18:20,IN_TRANSIT,1.00
SR478,LOC008,LOC019,Food Delivery,LOW,18:03,19:48,PENDING,1.00
SR479,LOC009,LOC013,Food Delivery,MEDIUM,19:15,20:15,ASSIGNED,1.00
SR480,LOC010,LOC016,Food Delivery,HIGH,20:30,21:05,IN_TRANSIT,1.00
SR481,LOC001,LOC017,Food Delivery,LOW,21:00,22:45,PENDING,1.00
SR482,LOC002,LOC012,Food Delivery,MEDIUM,21:25,22:25,ASSIGNED,1.00
SR483,LOC003,LOC018,Food Delivery,HIGH,22:00,22:35,IN_TRANSIT,1.00
SR484,LOC004,LOC019,Food Delivery,LOW,08:15,10:00,PENDING,1.00
SR485,LOC005,LOC013,Food Delivery,MEDIUM,09:30,10:30,ASSIGNED,1.00
SR486,LOC006,LOC016,Food Delivery,HIGH,09:50,10:25,IN_TRANSIT,1.00
SR487,LOC007,LOC017,Food Delivery,LOW,10:25,12:10,PENDING,1.00
SR488,LOC008,LOC012,Food Delivery,MEDIUM,10:40,11:40,ASSIGNED,1.00
SR489,LOC009,LOC018,Food Delivery,HIGH,11:00,11:35,IN_TRANSIT,1.00
SR490,LOC010,LOC019,Food Delivery,LOW,11:53,13:38,PENDING,1.00
SR491,LOC001,LOC013,Food Delivery,MEDIUM,12:00,13:00,ASSIGNED,1.00
SR492,LOC002,LOC016,Food Delivery,HIGH,12:30,13:35,IN_TRANSIT,1.00
SR493,LOC003,LOC017,Food Delivery,LOW,13:15,15:00,PENDING,1.00
SR494,LOC004,LOC012,Food Delivery,MEDIUM,13:47,14:47,ASSIGNED,1.00
SR495,LOC005,LOC018,Food Delivery,HIGH,14:05,14:40,IN_TRANSIT,1.00
SR496,LOC006,LOC019,Food Delivery,LOW,14:36,16:21,PENDING,1.00
SR497,LOC007,LOC013,Food Delivery,MEDIUM,15:40,16:40,ASSIGNED,1.00
SR498,LOC008,LOC016,Food Delivery,HIGH,17:45,18:20,IN_TRANSIT,1.00
SR499,LOC009,LOC017,Food Delivery,LOW,18:03,19:48,PENDING,1.00
SR500,LOC010,LOC012,Food Delivery,MEDIUM,19:15,20:15,ASSIGNED,1.00
SR501,LOC001,LOC018,Food Delivery,HIGH,20:30,21:05,IN_TRANSIT,1.00
SR502,LOC002,LOC019,Food Delivery,LOW,21:00,22:45,PENDING,1.00
SR503,LOC003,LOC013,Food Delivery,MEDIUM,21:25,22:25,ASSIGNED,1.00
SR504,LOC004,LOC016,Food Delivery,HIGH,22:00,22:35,IN_TRANSIT,1.00
SR505,LOC005,LOC017,Food Delivery,LOW,08:15,10:00,PENDING,1.00
SR506,LOC006,LOC012,Food Delivery,MEDIUM,09:30,10:30,ASSIGNED,1.00
SR507,LOC007,LOC018,Food Delivery,HIGH,09:50,10:25,IN_TRANSIT,1.00
SR508,LOC008,LOC019,Food Delivery,LOW,10:25,12:10,PENDING,1.00
SR509,LOC009,LOC013,Food Delivery,MEDIUM,10:40,11:40,ASSIGNED,1.00
SR510,LOC010,LOC016,Food Delivery,HIGH,11:00,11:35,IN_TRANSIT,1.00
SR511,LOC001,LOC017,Food Delivery,LOW,11:53,13:38,PENDING,1.00
SR512,LOC002,LOC012,Food Delivery,MEDIUM,12:00,13:00,ASSIGNED,1.00
SR513,LOC003,LOC018,Food Delivery,HIGH,12:30,13:35,IN_TRANSIT,1.00
SR514,LOC004,LOC019,Food Delivery,LOW,13:15,15:00,PENDING,1.00
SR515,LOC005,LOC013,Food Delivery,MEDIUM,13:47,14:47,ASSIGNED,1.00
SR516,LOC006,LOC016,Food Delivery,HIGH,14:05,14:40,IN_TRANSIT,1.00
SR517,LOC007,LOC017,Food Delivery,LOW,14:36,16:21,PENDING,1.00
SR518,LOC008,LOC012,Food Delivery,MEDIUM,15:40,16:40,ASSIGNED,1.00
SR519,LOC009,LOC018,Food Delivery,HIGH,17:45,18:20,IN_TRANSIT,1.00
SR520,LOC010,LOC019,Food Delivery,LOW,18:03,19:48,PENDING,1.00
SR521,LOC001,LOC013,Food Delivery,MEDIUM,19:15,20:15,ASSIGNED,1.00
SR522,LOC002,LOC016,Food Delivery,HIGH,20:30,21:05,IN_TRANSIT,1.00
SR523,LOC003,LOC017,Food Delivery,LOW,21:00,22:45,PENDING,1.00
SR524,LOC004,LOC012,Food Delivery,MEDIUM,21:25,22:25,ASSIGNED,1.00
SR525,LOC005,LOC018,Food Delivery,HIGH,22:00,22:35,IN_TRANSIT,1.00
SR526,LOC006,LOC019,Food Delivery,LOW,08:15,10:00,PENDING,1.00
SR527,LOC007,LOC013,Food Delivery,MEDIUM,09:30,10:30,ASSIGNED,1.00
SR528,LOC008,LOC016,Food Delivery,HIGH,09:50,10:25,IN_TRANSIT,1.00
SR529,LOC009,LOC017,Food Delivery,LOW,10:25,12:10,PENDING,1.00
SR530,LOC010,LOC012,Food Delivery,MEDIUM,10:40,11:40,ASSIGNED,1.00
SR531,LOC001,LOC018,Food Delivery,HIGH,11:00,11:35,IN_TRANSIT,1.00
SR532,LOC002,LOC019,Food Delivery,LOW,11:53,13:38,PENDING,1.00
SR533,LOC003,LOC013,Food Delivery,MEDIUM,12:00,13:00,ASSIGNED,1.00
SR534,LOC004,LOC016,Food Delivery,HIGH,12:30,13:35,IN_TRANSIT,1.00
SR535,LOC005,LOC017,Food Delivery,LOW,13:15,15:00,PENDING,1.00
SR536,LOC006,LOC012,Food Delivery,MEDIUM,13:47,14:47,ASSIGNED,1.00
SR537,LOC007,LOC018,Food Delivery,HIGH,14:05,14:40,IN_TRANSIT,1.00
SR538,LOC008,LOC019,Food Delivery,LOW,14:36,16:21,PENDING,1.00
SR539,LOC009,LOC013,Food Delivery,MEDIUM,15:40,16:40,ASSIGNED,1.00
SR540,LOC010,LOC016,Food Delivery,HIGH,17:45,18:20,IN_TRANSIT,1.00
SR541,LOC001,LOC017,Food Delivery,LOW,18:03,19:48,PENDING,1.00
SR542,LOC002,LOC012,Food Delivery,MEDIUM,19:15,20:15,ASSIGNED,1.00
SR543,LOC003,LOC018,Food Delivery,HIGH,20:30,21:05,IN_TRANSIT,1.00
SR544,LOC004,LOC019,Food Delivery,LOW,21:00,22:45,PENDING,1.00
SR545,LOC005,LOC013,Food Delivery,MEDIUM,21:25,22:25,ASSIGNED,1.00
SR546,LOC006,LOC016,Food Delivery,HIGH,22:00,22:35,IN_TRANSIT,1.00
SR547,LOC007,LOC017,Food Delivery,LOW,08:15,10:00,PENDING,1.00
SR548,LOC008,LOC012,Food Delivery,MEDIUM,09:30,10:30,ASSIGNED,1.00
SR549,LOC009,LOC018,Food Delivery,HIGH,09:50,10:25,IN_TRANSIT,1.00
SR550,LOC010,LOC019,Food Delivery,LOW,10:25,12:10,PENDING,1.00
SR551,LOC001,LOC013,Food Delivery,MEDIUM,10:40,11:40,ASSIGNED,1.00
SR552,LOC002,LOC016,Food Delivery,HIGH,11:00,11:35,IN_TRANSIT,1.00
SR553,LOC003,LOC017,Food Delivery,LOW,11:53,13:38,PENDING,1.00
SR554,LOC004,LOC012,Food Delivery,MEDIUM,12:00,13:00,ASSIGNED,1.00
SR555,LOC005,LOC018,Food Delivery,HIGH,12:30,13:35,IN_TRANSIT,1.00
SR556,LOC006,LOC019,Food Delivery,LOW,13:15,15:00,PENDING,1.00
SR557,LOC007,LOC013,Food Delivery,MEDIUM,13:47,14:47,ASSIGNED,1.00
SR558,LOC008,LOC016,Food Delivery,HIGH,14:05,14:40,IN_TRANSIT,1.00
SR559,LOC009,LOC017,Food Delivery,LOW,14:36,16:21,PENDING,1.00
SR560,LOC010,LOC012,Food Delivery,MEDIUM,15:40,16:40,ASSIGNED,1.00
SR561,LOC001,LOC018,Food Delivery,HIGH,17:45,18:20,IN_TRANSIT,1.00
SR562,LOC002,LOC019,Food Delivery,LOW,18:03,19:48,PENDING,1.00
SR563,LOC003,LOC013,Food Delivery,MEDIUM,19:15,20:15,ASSIGNED,1.00
SR564,LOC004,LOC016,Food Delivery,HIGH,20:30,21:05,IN_TRANSIT,1.00
SR565,LOC005,LOC017,Food Delivery,LOW,21:00,22:45,PENDING,1.00
SR566,LOC006,LOC012,Food Delivery,MEDIUM,21:25,22:25,ASSIGNED,1.00
SR567,LOC007,LOC018,Food Delivery,HIGH,22:00,22:35,IN_TRANSIT,1.00
SR568,LOC008,LOC019,Food Delivery,LOW,08:15,10:00,PENDING,1.00
SR569,LOC009,LOC013,Food Delivery,MEDIUM,09:30,10:30,ASSIGNED,1.00
SR570,LOC010,LOC016,Food Delivery,HIGH,09:50,10:25,IN_TRANSIT,1.00
SR571,LOC001,LOC017,Food Delivery,LOW,10:25,12:10,PENDING,1.00
SR572,LOC002,LOC012,Food Delivery,MEDIUM,10:40,11:40,ASSIGNED,1.00
SR573,LOC003,LOC018,Food Delivery,HIGH,11:00,11:35,IN_TRANSIT,1.00
SR574,LOC004,LOC019,Food Delivery,LOW,11:53,13:38,PENDING,1.00
SR575,LOC005,LOC013,Food Delivery,MEDIUM,12:00,13:00,ASSIGNED,1.00
SR576,LOC006,LOC016,Food Delivery,HIGH,12:30,13:35,IN_TRANSIT,1.00
SR577,LOC007,LOC017,Food Delivery,LOW,13:15,15:00,PENDING,1.00
SR578,LOC008,LOC012,Food Delivery,MEDIUM,13:47,14:47,ASSIGNED,1.00
SR579,LOC009,LOC018,Food Delivery,HIGH,14:05,14:40,IN_TRANSIT,1.00
SR580,LOC010,LOC019,Food Delivery,LOW,14:36,16:21,PENDING,1.00
SR581,LOC001,LOC013,Food Delivery,MEDIUM,15:40,16:40,ASSIGNED,1.00
SR582,LOC002,LOC016,Food Delivery,HIGH,17:45,18:20,IN_TRANSIT,1.00
SR583,LOC003,LOC017,Food Delivery,LOW,18:03,19:48,PENDING,1.00
SR584,LOC004,LOC012,Food Delivery,MEDIUM,19:15,20:15,ASSIGNED,1.00
SR585,LOC005,LOC018,Food Delivery,HIGH,20:30,21:05,IN_TRANSIT,1.00
SR586,LOC006,LOC019,Food Delivery,LOW,21:00,22:45,PENDING,1.00
SR587,LOC007,LOC013,Food Delivery,MEDIUM,21:25,22:25,ASSIGNED,1.00
SR588,LOC008,LOC016,Food Delivery,HIGH,22:00,22:35,IN_TRANSIT,1.00
SR589,LOC009,LOC017,Food Delivery,LOW,08:15,10:00,PENDING,1.00
SR590,LOC010,LOC012,Food Delivery,MEDIUM,09:30,10:30,ASSIGNED,1.00
SR591,LOC001,LOC018,Food Delivery,HIGH,09:50,10:25,IN_TRANSIT,1.00
SR592,LOC002,LOC019,Food Delivery,LOW,10:25,12:10,PENDING,1.00
SR593,LOC003,LOC013,Food Delivery,MEDIUM,10:40,11:40,ASSIGNED,1.00
SR594,LOC004,LOC016,Food Delivery,HIGH,11:00,11:35,IN_TRANSIT,1.00
SR595,LOC005,LOC017,Food Delivery,LOW,11:53,13:38,PENDING,1.00
SR596,LOC006,LOC012,Food Delivery,MEDIUM,12:00,13:00,ASSIGNED,1.00
SR597,LOC007,LOC018,Food Delivery,HIGH,12:30,13:35,IN_TRANSIT,1.00
SR598,LOC008,LOC019,Food Delivery,LOW,13:15,15:00,PENDING,1.00
SR599,LOC009,LOC013,Food Delivery,MEDIUM,13:47,14:47,ASSIGNED,1.00
SR600,LOC010,LOC024,Food Delivery,HIGH,14:05,14:40,IN_TRANSIT,1.00
SR601,LOC001,LOC022,Food Delivery,LOW,14:36,16:21,PENDING,1.00
SR602,LOC002,LOC023,Food Delivery,MEDIUM,15:40,16:40,ASSIGNED,1.00
SR603,LOC003,LOC020,Food Delivery,HIGH,17:45,18:20,IN_TRANSIT,1.00
SR604,LOC004,LOC021,Food Delivery,LOW,18:03,19:48,PENDING,1.00
SR605,LOC005,LOC024,Food Delivery,MEDIUM,19:15,20:15,ASSIGNED,1.00
SR606,LOC006,LOC022,Food Delivery,HIGH,20:30,21:05,IN_TRANSIT,1.00
SR607,LOC007,LOC023,Food Delivery,LOW,21:00,22:45,PENDING,1.00
SR608,LOC008,LOC020,Food Delivery,MEDIUM,21:25,22:25,ASSIGNED,1.00
SR609,LOC009,LOC021,Food Delivery,HIGH,22:00,22:35,IN_TRANSIT,1.00
SR610,LOC010,LOC024,Food Delivery,LOW,08:15,10:00,PENDING,1.00
SR611,LOC001,LOC022,Food Delivery,MEDIUM,09:30,10:30,ASSIGNED,1.00
SR612,LOC002,LOC023,Food Delivery,HIGH,09:50,10:25,IN_TRANSIT,1.00
SR613,LOC003,LOC020,Food Delivery,LOW,10:25,12:10,PENDING,1.00
SR614,LOC004,LOC021,Food Delivery,MEDIUM,10:40,11:40,ASSIGNED,1.00
SR615,LOC005,LOC024,Food Delivery,HIGH,11:00,11:35,IN_TRANSIT,1.00
SR616,LOC006,LOC022,Food Delivery,LOW,11:53,13:38,PENDING,1.00
SR617,LOC007,LOC023,Food Delivery,MEDIUM,12:00,13:00,ASSIGNED,1.00
SR618,LOC008,LOC020,Food Delivery,HIGH,12:30,13:35,IN_TRANSIT,1.00
SR619,LOC009,LOC021,Food Delivery,LOW,13:15,15:00,PENDING,1.00
SR620,LOC010,LOC024,Food Delivery,MEDIUM,13:47,14:47,ASSIGNED,1.00
SR621,LOC001,LOC022,Food Delivery,HIGH,14:05,14:40,IN_TRANSIT,1.00
SR622,LOC002,LOC023,Food Delivery,LOW,14:36,16:21,PENDING,1.00
SR623,LOC003,LOC020,Food Delivery,MEDIUM,15:40,16:40,ASSIGNED,1.00
SR624,LOC004,LOC021,Food Delivery,HIGH,17:45,18:20,IN_TRANSIT,1.00
SR625,LOC005,LOC024,Food Delivery,LOW,18:03,19:48,PENDING,1.00
SR626,LOC006,LOC022,Food Delivery,MEDIUM,19:15,20:15,ASSIGNED,1.00
SR627,LOC007,LOC023,Food Delivery,HIGH,20:30,21:05,IN_TRANSIT,1.00
SR628,LOC008,LOC020,Food Delivery,LOW,21:00,22:45,PENDING,1.00
SR629,LOC009,LOC021,Food Delivery,MEDIUM,21:25,22:25,ASSIGNED,1.00
SR630,LOC010,LOC024,Food Delivery,HIGH,22:00,22:35,IN_TRANSIT,1.00
SR631,LOC001,LOC022,Food Delivery,LOW,08:15,10:00,PENDING,1.00
SR632,LOC002,LOC023,Food Delivery,MEDIUM,09:30,10:30,ASSIGNED,1.00
SR633,LOC003,LOC020,Food Delivery,HIGH,09:50,10:25,IN_TRANSIT,1.00
SR634,LOC004,LOC021,Food Delivery,LOW,10:25,12:10,PENDING,1.00
SR635,LOC005,LOC024,Food Delivery,MEDIUM,10:40,11:40,ASSIGNED,1.00
SR636,LOC006,LOC022,Food Delivery,HIGH,11:00,11:35,IN_TRANSIT,1.00
SR637,LOC007,LOC023,Food Delivery,LOW,11:53,13:38,PENDING,1.00
SR638,LOC008,LOC020,Food Delivery,MEDIUM,12:00,13:00,ASSIGNED,1.00
SR639,LOC009,LOC021,Food Delivery,HIGH,12:30,13:35,IN_TRANSIT,1.00
SR640,LOC010,LOC024,Food Delivery,LOW,13:15,15:00,PENDING,1.00
SR641,LOC001,LOC022,Food Delivery,MEDIUM,13:47,14:47,ASSIGNED,1.00
SR642,LOC002,LOC023,Food Delivery,HIGH,14:05,14:40,IN_TRANSIT,1.00
SR643,LOC003,LOC020,Food Delivery,LOW,14:36,16:21,PENDING,1.00
SR644,LOC004,LOC021,Food Delivery,MEDIUM,15:40,16:40,ASSIGNED,1.00
SR645,LOC005,LOC024,Food Delivery,HIGH,17:45,18:20,IN_TRANSIT,1.00
SR646,LOC006,LOC022,Food Delivery,LOW,18:03,19:48,PENDING,1.00
SR647,LOC007,LOC023,Food Delivery,MEDIUM,19:15,20:15,ASSIGNED,1.00
SR648,LOC008,LOC020,Food Delivery,HIGH,20:30,21:05,IN_TRANSIT,1.00
SR649,LOC009,LOC021,Food Delivery,LOW,21:00,22:45,PENDING,1.00
SR650,LOC010,LOC024,Food Delivery,MEDIUM,21:25,22:25,ASSIGNED,1.00
SR651,LOC001,LOC022,Food Delivery,HIGH,22:00,22:35,IN_TRANSIT,1.00
SR652,LOC002,LOC023,Food Delivery,LOW,08:15,10:00,PENDING,1.00
SR653,LOC003,LOC020,Food Delivery,MEDIUM,09:30,10:30,ASSIGNED,1.00
SR654,LOC004,LOC021,Food Delivery,HIGH,09:50,10:25,IN_TRANSIT,1.00
SR655,LOC005,LOC024,Food Delivery,LOW,10:25,12:10,PENDING,1.00
SR656,LOC006,LOC022,Food Delivery,MEDIUM,10:40,11:40,ASSIGNED,1.00
SR657,LOC007,LOC023,Food Delivery,HIGH,11:00,11:35,IN_TRANSIT,1.00
SR658,LOC008,LOC020,Food Delivery,LOW,11:53,13:38,PENDING,1.00
SR659,LOC009,LOC021,Food Delivery,MEDIUM,12:00,13:00,ASSIGNED,1.00
SR660,LOC010,LOC024,Food Delivery,HIGH,12:30,13:35,IN_TRANSIT,1.00
SR661,LOC001,LOC022,Food Delivery,LOW,13:15,15:00,PENDING,1.00
SR662,LOC002,LOC023,Food Delivery,MEDIUM,13:47,14:47,ASSIGNED,1.00
SR663,LOC003,LOC020,Food Delivery,HIGH,14:05,14:40,IN_TRANSIT,1.00
SR664,LOC004,LOC021,Food Delivery,LOW,14:36,16:21,PENDING,1.00
SR665,LOC005,LOC024,Food Delivery,MEDIUM,15:40,16:40,ASSIGNED,1.00
SR666,LOC006,LOC022,Food Delivery,HIGH,17:45,18:20,IN_TRANSIT,1.00
SR667,LOC007,LOC023,Food Delivery,LOW,18:03,19:48,PENDING,1.00
SR668,LOC008,LOC020,Food Delivery,MEDIUM,19:15,20:15,ASSIGNED,1.00
SR669,LOC009,LOC021,Food Delivery,HIGH,20:30,21:05,IN_TRANSIT,1.00
SR670,LOC010,LOC024,Food Delivery,LOW,21:00,22:45,PENDING,1.00
SR671,LOC001,LOC022,Food Delivery,MEDIUM,21:25,22:25,ASSIGNED,1.00
SR672,LOC002,LOC023,Food Delivery,HIGH,22:00,22:35,IN_TRANSIT,1.00
SR673,LOC003,LOC020,Food Delivery,LOW,08:15,10:00,PENDING,1.00
SR674,LOC004,LOC021,Food Delivery,MEDIUM,09:30,10:30,ASSIGNED,1.00
SR675,LOC005,LOC024,Food Delivery,HIGH,09:50,10:25,IN_TRANSIT,1.00
SR676,LOC006,LOC022,Food Delivery,LOW,10:25,12:10,PENDING,1.00
SR677,LOC007,LOC023,Food Delivery,MEDIUM,10:40,11:40,ASSIGNED,1.00
SR678,LOC008,LOC020,Food Delivery,HIGH,11:00,11:35,IN_TRANSIT,1.00
SR679,LOC009,LOC021,Food Delivery,LOW,11:53,13:38,PENDING,1.00
SR680,LOC010,LOC024,Food Delivery,MEDIUM,12:00,13:00,ASSIGNED,1.00
SR681,LOC001,LOC022,Food Delivery,HIGH,12:30,13:35,IN_TRANSIT,1.00
SR682,LOC002,LOC023,Food Delivery,LOW,13:15,15:00,PENDING,1.00
SR683,LOC003,LOC020,Food Delivery,MEDIUM,13:47,14:47,ASSIGNED,1.00
SR684,LOC004,LOC021,Food Delivery,HIGH,14:05,14:40,IN_TRANSIT,1.00
SR685,LOC005,LOC024,Food Delivery,LOW,14:36,16:21,PENDING,1.00
SR686,LOC006,LOC022,Food Delivery,MEDIUM,15:40,16:40,ASSIGNED,1.00
SR687,LOC007,LOC023,Food Delivery,HIGH,17:45,18:20,IN_TRANSIT,1.00
SR688,LOC008,LOC020,Food Delivery,LOW,18:03,19:48,PENDING,1.00
SR689,LOC009,LOC021,Food Delivery,MEDIUM,19:15,20:15,ASSIGNED,1.00
SR690,LOC010,LOC024,Food Delivery,HIGH,20:30,21:05,IN_TRANSIT,1.00
SR691,LOC001,LOC022,Food Delivery,LOW,21:00,22:45,PENDING,1.00
SR692,LOC002,LOC023,Food Delivery,MEDIUM,21:25,22:25,ASSIGNED,1.00
SR693,LOC003,LOC020,Food Delivery,HIGH,22:00,22:35,IN_TRANSIT,1.00
SR694,LOC004,LOC021,Food Delivery,LOW,08:15,10:00,PENDING,1.00
SR695,LOC005,LOC024,Food Delivery,MEDIUM,09:30,10:30,ASSIGNED,1.00
SR696,LOC006,LOC022,Food Delivery,HIGH,09:50,10:25,IN_TRANSIT,1.00
SR697,LOC007,LOC023,Food Delivery,LOW,10:25,12:10,PENDING,1.00
SR698,LOC008,LOC020,Food Delivery,MEDIUM,10:40,11:40,ASSIGNED,1.00
SR699,LOC009,LOC021,Food Delivery,HIGH,11:00,11:35,IN_TRANSIT,1.00
SR700,LOC010,LOC024,Food Delivery,LOW,11:53,13:38,PENDING,1.00
SR701,LOC001,LOC022,Food Delivery,MEDIUM,12:00,13:00,ASSIGNED,1.00
SR702,LOC002,LOC023,Food Delivery,HIGH,12:30,13:35,IN_TRANSIT,1.00
SR703,LOC003,LOC020,Food Delivery,LOW,13:15,15:00,PENDING,1.00
SR704,LOC004,LOC021,Food Delivery,MEDIUM,13:47,14:47,ASSIGNED,1.00
SR705,LOC005,LOC024,Food Delivery,HIGH,14:05,14:40,IN_TRANSIT,1.00
SR706,LOC006,LOC022,Food Delivery,LOW,14:36,16:21,PENDING,1.00
SR707,LOC007,LOC023,Food Delivery,MEDIUM,15:40,16:40,ASSIGNED,1.00
SR708,LOC008,LOC020,Food Delivery,HIGH,17:45,18:20,IN_TRANSIT,1.00
SR709,LOC009,LOC021,Food Delivery,LOW,18:03,19:48,PENDING,1.00
SR710,LOC010,LOC024,Food Delivery,MEDIUM,19:15,20:15,ASSIGNED,1.00
SR711,LOC001,LOC022,Food Delivery,HIGH,20:30,21:05,IN_TRANSIT,1.00
SR712,LOC002,LOC023,Food Delivery,LOW,21:00,22:45,PENDING,1.00
SR713,LOC003,LOC020,Food Delivery,MEDIUM,21:25,22:25,ASSIGNED,1.00
SR714,LOC004,LOC021,Food Delivery,HIGH,22:00,22:35,IN_TRANSIT,1.00
SR715,LOC005,LOC024,Food Delivery,LOW,08:15,10:00,PENDING,1.00
SR716,LOC006,LOC022,Food Delivery,MEDIUM,09:30,10:30,ASSIGNED,1.00
SR717,LOC007,LOC023,Food Delivery,HIGH,09:50,10:25,IN_TRANSIT,1.00
SR718,LOC008,LOC020,Food Delivery,LOW,10:25,12:10,PENDING,1.00
SR719,LOC009,LOC021,Food Delivery,MEDIUM,10:40,11:40,ASSIGNED,1.00
SR720,LOC010,LOC024,Food Delivery,HIGH,11:00,11:35,IN_TRANSIT,1.00
SR721,LOC001,LOC022,Food Delivery,LOW,11:53,13:38,PENDING,1.00
SR722,LOC002,LOC023,Food Delivery,MEDIUM,12:00,13:00,ASSIGNED,1.00
SR723,LOC003,LOC020,Food Delivery,HIGH,12:30,13:35,IN_TRANSIT,1.00
SR724,LOC004,LOC021,Food Delivery,LOW,13:15,15:00,PENDING,1.00
SR725,LOC005,LOC024,Food Delivery,MEDIUM,13:47,14:47,ASSIGNED,1.00
SR726,LOC006,LOC022,Food Delivery,HIGH,14:05,14:40,IN_TRANSIT,1.00
SR727,LOC007,LOC023,Food Delivery,LOW,14:36,16:21,PENDING,1.00
SR728,LOC008,LOC020,Food Delivery,MEDIUM,15:40,16:40,ASSIGNED,1.00
SR729,LOC009,LOC021,Food Delivery,HIGH,17:45,18:20,IN_TRANSIT,1.00
SR730,LOC010,LOC024,Food Delivery,LOW,18:03,19:48,PENDING,1.00
SR731,LOC001,LOC022,Food Delivery,MEDIUM,19:15,20:15,ASSIGNED,1.00
SR732,LOC002,LOC023,Food Delivery,HIGH,20:30,21:05,IN_TRANSIT,1.00
SR733,LOC003,LOC020,Food Delivery,LOW,21:00,22:45,PENDING,1.00
SR734,LOC004,LOC021,Food Delivery,MEDIUM,21:25,22:25,ASSIGNED,1.00
SR735,LOC005,LOC024,Food Delivery,HIGH,22:00,22:35,IN_TRANSIT,1.00
SR736,LOC006,LOC022,Food Delivery,LOW,08:15,10:00,PENDING,1.00
SR737,LOC007,LOC023,Food Delivery,MEDIUM,09:30,10:30,ASSIGNED,1.00
SR738,LOC008,LOC020,Food Delivery,HIGH,09:50,10:25,IN_TRANSIT,1.00
SR739,LOC009,LOC021,Food Delivery,LOW,10:25,12:10,PENDING,1.00
SR740,LOC010,LOC024,Food Delivery,MEDIUM,10:40,11:40,ASSIGNED,1.00
SR741,LOC001,LOC022,Food Delivery,HIGH,11:00,11:35,IN_TRANSIT,1.00
SR742,LOC002,LOC023,Food Delivery,LOW,11:53,13:38,PENDING,1.00
SR743,LOC003,LOC020,Food Delivery,MEDIUM,12:00,13:00,ASSIGNED,1.00
SR744,LOC004,LOC021,Food Delivery,HIGH,12:30,13:35,IN_TRANSIT,1.00
SR745,LOC005,LOC024,Food Delivery,LOW,13:15,15:00,PENDING,1.00
SR746,LOC006,LOC022,Food Delivery,MEDIUM,13:47,14:47,ASSIGNED,1.00
SR747,LOC007,LOC023,Food Delivery,HIGH,14:05,14:40,IN_TRANSIT,1.00
SR748,LOC008,LOC020,Food Delivery,LOW,14:36,16:21,PENDING,1.00
SR749,LOC009,LOC021,Food Delivery,MEDIUM,15:40,16:40,ASSIGNED,1.00
SR750,LOC010,LOC024,Food Delivery,HIGH,17:45,18:20,IN_TRANSIT,1.00
SR751,LOC001,LOC022,Food Delivery,LOW,18:03,19:48,PENDING,1.00
SR752,LOC002,LOC023,Food Delivery,MEDIUM,19:15,20:15,ASSIGNED,1.00
SR753,LOC003,LOC020,Food Delivery,HIGH,20:30,21:05,IN_TRANSIT,1.00
SR754,LOC004,LOC021,Food Delivery,LOW,21:00,22:45,PENDING,1.00
SR755,LOC005,LOC024,Food Delivery,MEDIUM,21:25,22:25,ASSIGNED,1.00
SR756,LOC006,LOC022,Food Delivery,HIGH,22:00,22:35,IN_TRANSIT,1.00
SR757,LOC007,LOC023,Food Delivery,LOW,08:15,10:00,PENDING,1.00
SR758,LOC008,LOC020,Food Delivery,MEDIUM,09:30,10:30,ASSIGNED,1.00
SR759,LOC009,LOC021,Food Delivery,HIGH,09:50,10:25,IN_TRANSIT,1.00
SR760,LOC010,LOC024,Food Delivery,LOW,10:25,12:10,PENDING,1.00
SR761,LOC001,LOC022,Food Delivery,MEDIUM,10:40,11:40,ASSIGNED,1.00
SR762,LOC002,LOC023,Food Delivery,HIGH,11:00,11:35,IN_TRANSIT,1.00
SR763,LOC003,LOC020,Food Delivery,LOW,11:53,13:38,PENDING,1.00
SR764,LOC004,LOC021,Food Delivery,MEDIUM,12:00,13:00,ASSIGNED,1.00
SR765,LOC005,LOC024,Food Delivery,HIGH,12:30,13:35,IN_TRANSIT,1.00
SR766,LOC006,LOC022,Food Delivery,LOW,13:15,15:00,PENDING,1.00
SR767,LOC007,LOC023,Food Delivery,MEDIUM,13:47,14:47,ASSIGNED,1.00
SR768,LOC008,LOC020,Food Delivery,HIGH,14:05,14:40,IN_TRANSIT,1.00
SR769,LOC009,LOC021,Food Delivery,LOW,14:36,16:21,PENDING,1.00
SR770,LOC010,LOC024,Food Delivery,MEDIUM,15:40,16:40,ASSIGNED,1.00
SR771,LOC001,LOC022,Food Delivery,HIGH,17:45,18:20,IN_TRANSIT,1.00
SR772,LOC002,LOC023,Food Delivery,LOW,18:03,19:48,PENDING,1.00
SR773,LOC003,LOC020,Food Delivery,MEDIUM,19:15,20:15,ASSIGNED,1.00
SR774,LOC004,LOC021,Food Delivery,HIGH,20:30,21:05,IN_TRANSIT,1.00
SR775,LOC005,LOC024,Food Delivery,LOW,21:00,22:45,PENDING,1.00
SR776,LOC006,LOC022,Food Delivery,MEDIUM,21:25,22:25,ASSIGNED,1.00
SR777,LOC007,LOC023,Food Delivery,HIGH,22:00,22:35,IN_TRANSIT,1.00
SR778,LOC008,LOC020,Food Delivery,LOW,08:15,10:00,PENDING,1.00
SR779,LOC009,LOC021,Food Delivery,MEDIUM,09:30,10:30,ASSIGNED,1.00
SR780,LOC010,LOC024,Food Delivery,HIGH,09:50,10:25,IN_TRANSIT,1.00
SR781,LOC001,LOC022,Food Delivery,LOW,10:25,12:10,PENDING,1.00
SR782,LOC002,LOC023,Food Delivery,MEDIUM,10:40,11:40,ASSIGNED,1.00
SR783,LOC003,LOC020,Food Delivery,HIGH,11:00,11:35,IN_TRANSIT,1.00
SR784,LOC004,LOC021,Food Delivery,LOW,11:53,13:38,PENDING,1.00
SR785,LOC005,LOC024,Food Delivery,MEDIUM,12:00,13:00,ASSIGNED,1.00
SR786,LOC006,LOC022,Food Delivery,HIGH,12:30,13:35,IN_TRANSIT,1.00
SR787,LOC007,LOC023,Food Delivery,LOW,13:15,15:00,PENDING,1.00
SR788,LOC008,LOC020,Food Delivery,MEDIUM,13:47,14:47,ASSIGNED,1.00
SR789,LOC009,LOC021,Food Delivery,HIGH,14:05,14:40,IN_TRANSIT,1.00
SR790,LOC010,LOC024,Food Delivery,LOW,14:36,16:21,PENDING,1.00
SR791,LOC001,LOC022,Food Delivery,MEDIUM,15:40,16:40,ASSIGNED,1.00
SR792,LOC002,LOC023,Food Delivery,HIGH,17:45,18:20,IN_TRANSIT,1.00
SR793,LOC003,LOC020,Food Delivery,LOW,18:03,19:48,PENDING,1.00
SR794,LOC004,LOC021,Food Delivery,MEDIUM,19:15,20:15,ASSIGNED,1.00
SR795,LOC005,LOC024,Food Delivery,HIGH,20:30,21:05,IN_TRANSIT,1.00
SR796,LOC006,LOC022,Food Delivery,LOW,21:00,22:45,PENDING,1.00
SR797,LOC007,LOC023,Food Delivery,MEDIUM,21:25,22:25,ASSIGNED,1.00
SR798,LOC008,LOC020,Food Delivery,HIGH,22:00,22:35,IN_TRANSIT,1.00
SR799,LOC009,LOC021,Food Delivery,LOW,08:15,10:00,PENDING,1.00
SR800,LOC010,LOC024,Food Delivery,MEDIUM,09:30,10:30,ASSIGNED,1.00
SR801,LOC001,LOC022,Food Delivery,HIGH,09:50,10:25,IN_TRANSIT,1.00
SR802,LOC002,LOC023,Food Delivery,LOW,10:25,12:10,PENDING,1.00
SR803,LOC003,LOC020,Food Delivery,MEDIUM,10:40,11:40,ASSIGNED,1.00
SR804,LOC004,LOC021,Food Delivery,HIGH,11:00,11:35,IN_TRANSIT,1.00
SR805,LOC005,LOC024,Food Delivery,LOW,11:53,13:38,PENDING,1.00
SR806,LOC006,LOC022,Food Delivery,MEDIUM,12:00,13:00,ASSIGNED,1.00
SR807,LOC007,LOC023,Food Delivery,HIGH,12:30,13:35,IN_TRANSIT,1.00
SR808,LOC008,LOC020,Food Delivery,LOW,13:15,15:00,PENDING,1.00
SR809,LOC009,LOC021,Food Delivery,MEDIUM,13:47,14:47,ASSIGNED,1.00
SR810,LOC010,LOC024,Food Delivery,HIGH,14:05,14:40,IN_TRANSIT,1.00
SR811,LOC001,LOC022,Food Delivery,LOW,14:36,16:21,PENDING,1.00
SR812,LOC002,LOC023,Food Delivery,MEDIUM,15:40,16:40,ASSIGNED,1.00
SR813,LOC003,LOC020,Food Delivery,HIGH,17:45,18:20,IN_TRANSIT,1.00
SR814,LOC004,LOC021,Food Delivery,LOW,18:03,19:48,PENDING,1.00
SR815,LOC005,LOC024,Food Delivery,MEDIUM,19:15,20:15,ASSIGNED,1.00
SR816,LOC006,LOC022,Food Delivery,HIGH,20:30,21:05,IN_TRANSIT,1.00
SR817,LOC007,LOC023,Food Delivery,LOW,21:00,22:45,PENDING,1.00
SR818,LOC008,LOC020,Food Delivery,MEDIUM,21:25,22:25,ASSIGNED,1.00
SR819,LOC009,LOC021,Food Delivery,HIGH,22:00,22:35,IN_TRANSIT,1.00
SR820,LOC010,LOC024,Food Delivery,LOW,08:15,10:00,PENDING,1.00
SR821,LOC001,LOC022,Food Delivery,MEDIUM,09:30,10:30,ASSIGNED,1.00
SR822,LOC002,LOC023,Food Delivery,HIGH,09:50,10:25,IN_TRANSIT,1.00
SR823,LOC003,LOC020,Food Delivery,LOW,10:25,12:10,PENDING,1.00
SR824,LOC004,LOC021,Food Delivery,MEDIUM,10:40,11:40,ASSIGNED,1.00
SR825,LOC005,LOC024,Food Delivery,HIGH,11:00,11:35,IN_TRANSIT,1.00
SR826,LOC006,LOC022,Food Delivery,LOW,11:53,13:38,PENDING,1.00
SR827,LOC007,LOC023,Food Delivery,MEDIUM,12:00,13:00,ASSIGNED,1.00
SR828,LOC008,LOC020,Food Delivery,HIGH,12:30,13:35,IN_TRANSIT,1.00
SR829,LOC009,LOC021,Food Delivery,LOW,13:15,15:00,PENDING,1.00
SR830,LOC010,LOC024,Food Delivery,MEDIUM,13:47,14:47,ASSIGNED,1.00
SR831,LOC001,LOC022,Food Delivery,HIGH,14:05,14:40,IN_TRANSIT,1.00
SR832,LOC002,LOC023,Food Delivery,LOW,14:36,16:21,PENDING,1.00
SR833,LOC003,LOC020,Food Delivery,MEDIUM,15:40,16:40,ASSIGNED,1.00
SR834,LOC004,LOC021,Food Delivery,HIGH,17:45,18:20,IN_TRANSIT,1.00
SR835,LOC005,LOC024,Food Delivery,LOW,18:03,19:48,PENDING,1.00
SR836,LOC006,LOC022,Food Delivery,MEDIUM,19:15,20:15,ASSIGNED,1.00
SR837,LOC007,LOC023,Food Delivery,HIGH,20:30,21:05,IN_TRANSIT,1.00
SR838,LOC008,LOC020,Food Delivery,LOW,21:00,22:45,PENDING,1.00
SR839,LOC009,LOC021,Food Delivery,MEDIUM,21:25,22:25,ASSIGNED,1.00
SR840,LOC010,LOC024,Food Delivery,HIGH,22:00,22:35,IN_TRANSIT,1.00
SR841,LOC001,LOC022,Food Delivery,LOW,08:15,10:00,PENDING,1.00
SR842,LOC002,LOC023,Food Delivery,MEDIUM,09:30,10:30,ASSIGNED,1.00
SR843,LOC003,LOC020,Food Delivery,HIGH,09:50,10:25,IN_TRANSIT,1.00
SR844,LOC004,LOC021,Food Delivery,LOW,10:25,12:10,PENDING,1.00
SR845,LOC005,LOC024,Food Delivery,MEDIUM,10:40,11:40,ASSIGNED,1.00
SR846,LOC006,LOC022,Food Delivery,HIGH,11:00,11:35,IN_TRANSIT,1.00
SR847,LOC007,LOC023,Food Delivery,LOW,11:53,13:38,PENDING,1.00
SR848,LOC008,LOC020,Food Delivery,MEDIUM,12:00,13:00,ASSIGNED,1.00
SR849,LOC009,LOC021,Food Delivery,HIGH,12:30,13:35,IN_TRANSIT,1.00
SR850,LOC010,LOC024,Food Delivery,LOW,13:15,15:00,PENDING,1.00
SR851,LOC001,LOC022,Food Delivery,MEDIUM,13:47,14:47,ASSIGNED,1.00
SR852,LOC002,LOC023,Food Delivery,HIGH,14:05,14:40,IN_TRANSIT,1.00
SR853,LOC003,LOC020,Food Delivery,LOW,14:36,16:21,PENDING,1.00
SR854,LOC004,LOC021,Food Delivery,MEDIUM,15:40,16:40,ASSIGNED,1.00
SR855,LOC005,LOC024,Food Delivery,HIGH,17:45,18:20,IN_TRANSIT,1.00
SR856,LOC006,LOC022,Food Delivery,LOW,18:03,19:48,PENDING,1.00
SR857,LOC007,LOC023,Food Delivery,MEDIUM,19:15,20:15,ASSIGNED,1.00
SR858,LOC008,LOC020,Food Delivery,HIGH,20:30,21:05,IN_TRANSIT,1.00
SR859,LOC009,LOC021,Food Delivery,LOW,21:00,22:45,PENDING,1.00
SR860,LOC010,LOC024,Food Delivery,MEDIUM,21:25,22:25,ASSIGNED,1.00
SR861,LOC001,LOC022,Food Delivery,HIGH,22:00,22:35,IN_TRANSIT,1.00
SR862,LOC002,LOC023,Food Delivery,LOW,08:15,10:00,PENDING,1.00
SR863,LOC003,LOC020,Food Delivery,MEDIUM,09:30,10:30,ASSIGNED,1.00
SR864,LOC004,LOC021,Food Delivery,HIGH,09:50,10:25,IN_TRANSIT,1.00
SR865,LOC005,LOC024,Food Delivery,LOW,10:25,12:10,PENDING,1.00
SR866,LOC006,LOC022,Food Delivery,MEDIUM,10:40,11:40,ASSIGNED,1.00
SR867,LOC007,LOC023,Food Delivery,HIGH,11:00,11:35,IN_TRANSIT,1.00
SR868,LOC008,LOC020,Food Delivery,LOW,11:53,13:38,PENDING,1.00
SR869,LOC009,LOC021,Food Delivery,MEDIUM,12:00,13:00,ASSIGNED,1.00
SR870,LOC010,LOC024,Food Delivery,HIGH,12:30,13:35,IN_TRANSIT,1.00
SR871,LOC001,LOC022,Food Delivery,LOW,13:15,15:00,PENDING,1.00
SR872,LOC002,LOC023,Food Delivery,MEDIUM,13:47,14:47,ASSIGNED,1.00
SR873,LOC003,LOC020,Food Delivery,HIGH,14:05,14:40,IN_TRANSIT,1.00
SR874,LOC004,LOC021,Food Delivery,LOW,14:36,16:21,PENDING,1.00
SR875,LOC005,LOC024,Food Delivery,MEDIUM,15:40,16:40,ASSIGNED,1.00
SR876,LOC006,LOC022,Food Delivery,HIGH,17:45,18:20,IN_TRANSIT,1.00
SR877,LOC007,LOC023,Food Delivery,LOW,18:03,19:48,PENDING,1.00
SR878,LOC008,LOC020,Food Delivery,MEDIUM,19:15,20:15,ASSIGNED,1.00
SR879,LOC009,LOC021,Food Delivery,HIGH,20:30,21:05,IN_TRANSIT,1.00
SR880,LOC010,LOC024,Food Delivery,LOW,21:00,22:45,PENDING,1.00
SR881,LOC001,LOC022,Food Delivery,MEDIUM,21:25,22:25,ASSIGNED,1.00
SR882,LOC002,LOC023,Food Delivery,HIGH,22:00,22:35,IN_TRANSIT,1.00
SR883,LOC003,LOC020,Food Delivery,LOW,08:15,10:00,PENDING,1.00
SR884,LOC004,LOC021,Food Delivery,MEDIUM,09:30,10:30,ASSIGNED,1.00
SR885,LOC005,LOC024,Food Delivery,HIGH,09:50,10:25,IN_TRANSIT,1.00
SR886,LOC006,LOC022,Food Delivery,LOW,10:25,12:10,PENDING,1.00
SR887,LOC007,LOC023,Food Delivery,MEDIUM,10:40,11:40,ASSIGNED,1.00
SR888,LOC008,LOC020,Food Delivery,HIGH,11:00,11:35,IN_TRANSIT,1.00
SR889,LOC009,LOC021,Food Delivery,LOW,11:53,13:38,PENDING,1.00
SR890,LOC010,LOC024,Food Delivery,MEDIUM,12:00,13:00,ASSIGNED,1.00
SR891,LOC001,LOC022,Food Delivery,HIGH,12:30,13:35,IN_TRANSIT,1.00
SR892,LOC002,LOC023,Food Delivery,LOW,13:15,15:00,PENDING,1.00
SR893,LOC003,LOC020,Food Delivery,MEDIUM,13:47,14:47,ASSIGNED,1.00
SR894,LOC004,LOC021,Food Delivery,HIGH,14:05,14:40,IN_TRANSIT,1.00
SR895,LOC005,LOC024,Food Delivery,LOW,14:36,16:21,PENDING,1.00
SR896,LOC006,LOC022,Food Delivery,MEDIUM,15:40,16:40,ASSIGNED,1.00
SR897,LOC007,LOC023,Food Delivery,HIGH,17:45,18:20,IN_TRANSIT,1.00
SR898,LOC008,LOC020,Food Delivery,LOW,18:03,19:48,PENDING,1.00
SR899,LOC009,LOC021,Food Delivery,MEDIUM,19:15,20:15,ASSIGNED,1.00
SR900,LOC010,LOC024,Food Delivery,HIGH,20:30,21:05,IN_TRANSIT,1.00
